Country,Year,Status,Life expectancy,Adult Mortality,Schooling,Log_GDP,Life_Category
Afghanistan,2000,Developing,54.8,1.2594012645,-1.993739539,-1.577631715,Low
Afghanistan,2001,Developing,55.3,1.2191067,-1.871233268,-1.562989286,Low
Afghanistan,2002,Developing,56.2,-1.303333037,-1.779353564,-1.291582667,Low
Afghanistan,2003,Developing,56.7,1.0498695291,-1.68747386,-1.259006683,Low
Afghanistan,2004,Developing,57,1.0337517033,-1.595594156,-1.202449072,Low
Afghanistan,2005,Developing,57.3,1.0176338775,-1.258701908,-2.451371016,Low
Afghanistan,2006,Developing,57.3,1.0498695291,-1.197448772,-1.076260506,Low
Afghanistan,2007,Developing,57.5,1.0498695291,-1.105569068,-0.899730355,Low
Afghanistan,2008,Developing,58.1,0.9853982259,-1.013689364,-0.894242767,Low
Afghanistan,2009,Developing,58.6,0.9370447485,-0.952436228,-0.791551361,Low
Afghanistan,2010,Developing,58.8,0.9209269227,-0.860556524,-0.666683166,Low
Afghanistan,2011,Developing,59.2,0.8886912711,-0.76867682,-1.918602545,Low
Afghanistan,2012,Developing,59.5,0.8645145324,-0.676797116,-0.556049708,Low
Afghanistan,2013,Developing,59.9,0.8322788809,-0.646170548,-0.590021535,Low
Afghanistan,2014,Developing,59.9,0.8564556195,-0.61554398,-0.607730897,Low
Afghanistan,2015,Developing,65,0.7919843164,-0.584917412,-0.635220953,Low
Albania,2000,Developing,72.6,-1.238861734,-0.401158004,-0.230693403,High
Albania,2001,Developing,73.6,-1.214684996,-0.431784572,-0.160725311,High
Albania,2002,Developing,73.3,-1.206626083,-0.401158004,-0.107988377,High
Albania,2003,Developing,72.8,-1.182449344,-0.401158004,-1.285957724,High
Albania,2004,Developing,73,-1.190508257,-0.339904868,0.1860202361,High
Albania,2005,Developing,73.5,-1.206626083,-0.370531436,-1.062464086,High
Albania,2006,Developing,74.2,-0.529677399,-0.186772028,-2.261376847,High
Albania,2007,Developing,75.9,-1.25497956,-0.125518892,-0.910303748,High
Albania,2008,Developing,75.3,-1.319450863,-0.00301262,-0.802490906,High
Albania,2009,Developing,76.1,-0.594148702,0.0582405158,0.4937887433,High
Albania,2010,Developing,76.2,-0.594148702,0.1501202197,-0.731867446,High
Albania,2011,Developing,76.6,-0.618325441,0.3951327637,0.5375124061,High
Albania,2012,Developing,76.9,-0.634443267,0.6707718756,0.5122572754,High
Albania,2013,Developing,77.2,-0.650561093,0.6707718756,0.5345776541,High
Albania,2014,Developing,77.5,-1.263038473,0.6707718756,0.5553020704,High
Albania,2015,Developing,77.8,-0.731150222,0.6707718756,0.4708575284,High
Algeria,2000,Developing,71.3,-0.158967406,-0.401158004,0.0017037189,High
Algeria,2001,Developing,71.4,-0.158967406,-0.339904868,-0.006357934,High
Algeria,2002,Developing,71.6,-0.158967406,-0.278651732,0.0073246965,High
Algeria,2003,Developing,71.7,-0.150908493,-0.15614546,-1.03180911,High
Algeria,2004,Developing,72.3,-1.214684996,-0.094892324,0.2281089325,High
Algeria,2005,Developing,72.9,-0.231497622,-0.00301262,-2.331430041,High
Algeria,2006,Developing,73.4,-0.263733273,0.0888670838,0.394398436,High
Algeria,2007,Developing,73.8,-0.287910012,0.0888670838,0.4680649261,High
Algeria,2008,Developing,74.1,-0.312086751,0.1807467877,-0.730819974,High
Algeria,2009,Developing,74.4,-0.33626349,0.3338796277,0.45822865,High
Algeria,2010,Developing,74.7,-0.368499141,0.4870124676,0.540919885,High
Algeria,2011,Developing,74.9,-0.39267588,0.6095187396,0.654549837,High
Algeria,2012,Developing,75.1,-0.416852619,0.7320250115,0.6684969255,High
Algeria,2013,Developing,75.3,-0.424911531,0.7320250115,0.6587527334,High
Algeria,2014,Developing,75.4,-1.238861734,0.7320250115,-0.672437438,High
Algeria,2015,Developing,75.6,-1.174390431,0.7320250115,0.4964016382,High
Angola,2000,Developing,45.3,-0.940681957,-2.269378651,-0.664629525,Low
Angola,2001,Developing,45.7,-0.972917609,-2.116245811,-0.69579613,Low
Angola,2002,Developing,46.5,1.8235251675,-1.993739539,-0.52151059,Low
Angola,2003,Developing,46.8,1.7993484288,-1.871233268,-0.468477409,Low
Angola,2004,Developing,47.1,1.783230603,-1.718100428,-1.45396176,Low
Angola,2005,Developing,47.4,1.7509949514,-1.595594156,-0.111841448,Low
Angola,2006,Developing,47.7,1.7429360385,-1.473087884,-1.098209066,Low
Angola,2007,Developing,48.2,1.6945825611,-1.319955044,0.2872633181,Low
Angola,2008,Developing,48.7,1.6623469095,-1.197448772,0.4581909201,Low
Angola,2009,Developing,49.1,1.6462290837,-1.0749425,0.3745665242,Low
Angola,2010,Developing,49.6,1.6139934321,-0.92180966,0.405136323,Low
Angola,2011,Developing,51,1.5817577805,-0.799303388,0.5192302444,Low
Angola,2012,Developing,56,1.5575810418,-0.523664276,0.5581376453,Low
Angola,2013,Developing,51.1,1.5334043031,-0.186772028,-0.743380002,Low
Angola,2014,Developing,51.7,1.4769919128,-0.186772028,-0.749746478,Low
Angola,2015,Developing,52.4,1.3722260451,-0.186772028,0.4317611995,Low
Antigua and Barbuda,2000,Developing,73.6,-0.070319364,-3.678200779,1.0002616244,High
Antigua and Barbuda,2001,Developing,73.8,-0.08643719,-3.678200779,0.969156572,High
Antigua and Barbuda,2002,Developing,74,-0.094496103,-3.678200779,0.9709193372,High
Antigua and Barbuda,2003,Developing,74.2,-0.110613928,-3.678200779,0.9922795399,High
Antigua and Barbuda,2004,Developing,74.4,-0.126731754,-3.678200779,-0.149559538,High
Antigua and Barbuda,2005,Developing,74.6,-0.14284958,-3.678200779,1.0818937332,High
Antigua and Barbuda,2006,Developing,74.8,-0.158967406,0.8239047155,1.1468935365,High
Antigua and Barbuda,2007,Developing,75,-0.167026319,0.7626515795,1.2124861748,High
Antigua and Barbuda,2008,Developing,75.2,-0.183144144,0.7320250115,-0.100211239,High
Antigua and Barbuda,2009,Developing,75.4,-1.214684996,0.6707718756,-0.167083564,High
Antigua and Barbuda,2010,Developing,75.6,-0.215379796,0.6401453076,1.1190727498,High
Antigua and Barbuda,2011,Developing,75.7,-0.231497622,0.6401453076,1.1095734717,High
Antigua and Barbuda,2012,Developing,75.9,-0.247615448,0.5482656036,1.1396222925,High
Antigua and Barbuda,2013,Developing,76.1,-0.255674361,0.5788921716,1.1237278484,High
Antigua and Barbuda,2014,Developing,76.2,-0.271792186,0.5788921716,1.1542967611,High
Antigua and Barbuda,2015,Developing,76.4,-1.222743908,0.5788921716,1.18398043,High
Argentina,2000,Developing,74.1,-0.223438709,0.9157844195,0.8540331628,High
Argentina,2001,Developing,74,-0.215379796,1.0995438274,-0.516237439,High
Argentina,2002,Developing,74.1,-0.215379796,1.3139298033,0.2236877784,High
Argentina,2003,Developing,74.1,-0.223438709,1.3445563713,-0.959658033,High
Argentina,2004,Developing,74.7,-1.222743908,1.3139298033,0.5127962866,High
Argentina,2005,Developing,74.9,-0.304027838,1.3139298033,-0.642569275,High
Argentina,2006,Developing,75.2,-0.304027838,1.2526766673,0.7002416054,High
Argentina,2007,Developing,74.8,-0.287910012,1.3139298033,0.8169973556,High
Argentina,2008,Developing,75.4,-0.312086751,1.3139298033,0.9435786596,High
Argentina,2009,Developing,75.6,-0.312086751,1.3751829393,0.8900059873,High
Argentina,2010,Developing,75.5,-0.352381315,1.4670626433,-0.18326274,High
Argentina,2011,Developing,75.7,-1.230802821,1.5589423472,1.1470112547,High
Argentina,2012,Developing,75.9,-1.230802821,1.5895689152,1.1579418724,High
Argentina,2013,Developing,76,-0.368499141,1.6201954832,1.1582479706,High
Argentina,2014,Developing,76.2,-0.376558054,1.6201954832,1.1246919294,High
Argentina,2015,Developing,76.3,-0.39267588,1.6201954832,1.1797083712,High
Armenia,2000,Developing,72,-0.183144144,-0.248025164,-0.59832338,High
Armenia,2001,Developing,72.6,-0.191203057,-0.278651732,-0.535294224,High
Armenia,2002,Developing,72.6,-0.247615448,-0.370531436,-0.465669245,High
Armenia,2003,Developing,72.7,-0.247615448,-0.370531436,-1.697202152,High
Armenia,2004,Developing,73,-0.263733273,-0.339904868,-0.22279129,High
Armenia,2005,Developing,73,-0.223438709,-0.339904868,-0.036891557,High
Armenia,2006,Developing,72.9,-0.191203057,-0.248025164,0.1206362264,High
Armenia,2007,Developing,73.5,-0.263733273,-0.094892324,0.3372873787,High
Armenia,2008,Developing,73.2,-1.214684996,0.0888670838,-2.168191428,High
Armenia,2009,Developing,73.3,-0.223438709,-0.033639188,0.3099193539,High
Armenia,2010,Developing,73.5,-0.263733273,0.0888670838,0.3517541595,High
Armenia,2011,Developing,73.9,-0.295968925,0.2113733557,0.4047171731,High
Armenia,2012,Developing,74.4,-0.352381315,0.2113733557,0.4300455395,High
Armenia,2013,Developing,74.4,-0.33626349,0.2113733557,0.4544426209,High
Armenia,2014,Developing,74.6,-1.230802821,0.2113733557,0.476749588,High
Armenia,2015,Developing,74.8,-0.376558054,0.2113733557,-0.900013545,High
Australia,2000,Developed,79.5,-0.69891457,2.5696190908,0.1237426176,High
Australia,2001,Developed,79.9,-0.723091309,2.6002456588,1.3943521366,High
Australia,2002,Developed,79.9,-0.739209135,2.4777393869,-1.056948021,High
Australia,2003,Developed,83,-0.75532696,2.6308722268,1.5008981009,High
Australia,2004,Developed,86,-0.771444786,2.6614987948,0.395692866,High
Australia,2005,Developed,81,-0.787562612,2.5389925229,0.3863449972,High
Australia,2006,Developed,81.2,-0.795621525,2.5389925229,1.7503608276,High
Australia,2007,Developed,81.3,-0.795621525,2.140847139,0.6056602573,High
Australia,2008,Developed,81.3,-0.795621525,2.171473707,1.9345890078,High
Australia,2009,Developed,81.7,-0.795621525,2.171473707,1.8477726447,High
Australia,2010,Developed,81.9,-0.811739351,2.293979979,1.9597739653,High
Australia,2011,Developed,82,-0.819798264,2.3858596829,2.0651913236,High
Australia,2012,Developed,82.3,-0.835916089,2.4777393869,2.1135920409,High
Australia,2013,Developed,82.5,-0.835916089,2.5389925229,2.1145715727,High
Australia,2014,Developed,82.7,-1.279156299,2.5696190908,2.064908401,High
Australia,2015,Developed,82.8,-0.852033915,2.5696190908,2.009732552,High
Austria,2000,Developed,78.1,-0.553854138,1.0382906914,1.5262631586,High
Austria,2001,Developed,78.6,-0.586089789,1.0689172594,1.5256132355,High
Austria,2002,Developed,78.7,-1.25497956,1.2526766673,1.5679929938,High
Austria,2003,Developed,78.8,-0.618325441,0.8239047155,0.3507745032,High
Austria,2004,Developed,79.3,-0.634443267,0.8239047155,1.7594991556,High
Austria,2005,Developed,79.4,-0.64250218,0.8851578515,1.7834161675,High
Austria,2006,Developed,79.8,-0.674737831,0.9157844195,-0.79402099,High
Austria,2007,Developed,81,-1.263038473,0.9770375554,1.8975807915,High
Austria,2008,Developed,84,-0.715032396,0.9464109874,1.9543014294,High
Austria,2009,Developed,82,-0.706973483,1.0076641234,1.910686032,High
Austria,2010,Developed,84,-0.723091309,1.0382906914,1.8984613861,High
Austria,2011,Developed,88,-0.739209135,1.1301703954,1.951371422,High
Austria,2012,Developed,88,-1.271097386,1.1301703954,1.9188742847,High
Austria,2013,Developed,81.1,-0.779503699,1.1301703954,-0.665235698,High
Austria,2014,Developed,81.4,-0.795621525,1.1914235314,1.9535835285,High
Austria,2015,Developed,81.5,-0.803680438,1.1914235314,1.860129803,High
Azerbaijan,2000,Developing,66.6,-1.19856717,-0.584917412,-0.568251688,Low
Azerbaijan,2001,Developing,67.5,-0.110613928,-0.493037708,-1.832903256,Low
Azerbaijan,2002,Developing,67.8,-0.150908493,-0.431784572,-0.480269667,Low
Azerbaijan,2003,Developing,67.8,-0.08643719,-0.370531436,-0.395917435,Low
Azerbaijan,2004,Developing,68.4,-0.08643719,-0.3092783,-1.440470254,Low
Azerbaijan,2005,Developing,68.4,-0.021965886,-0.248025164,-0.060351963,Low
Azerbaijan,2006,Developing,69.2,-0.08643719,-0.401158004,0.1995683403,Low
Azerbaijan,2007,Developing,73,-1.214684996,-0.125518892,0.4556222842,High
Azerbaijan,2008,Developing,73,-0.191203057,-0.125518892,0.6695159881,High
Azerbaijan,2009,Developing,78,-0.263733273,-0.125518892,-0.730773345,High
Azerbaijan,2010,Developing,71.1,-1.222743908,-0.094892324,0.6966980987,High
Azerbaijan,2011,Developing,71.6,-0.320145664,-0.094892324,0.8166815495,High
Azerbaijan,2012,Developing,71.9,-0.33626349,-0.064265756,0.840840471,High
Azerbaijan,2013,Developing,72.2,-0.352381315,-0.033639188,0.8694006158,High
Azerbaijan,2014,Developing,72.5,-0.368499141,0.0582405158,0.8705410309,High
Azerbaijan,2015,Developing,72.7,-0.376558054,0.2113733557,-1.998775338,High
Bahamas,2000,Developing,72.6,0.2198015005,-0.00301262,0.0049108092,High
Bahamas,2001,Developing,72.9,0.1956247618,0.0276139478,0.0049108092,High
Bahamas,2002,Developing,73.1,-1.174390431,0.0276139478,0.0049108092,High
Bahamas,2003,Developing,73.2,0.1956247618,0.0582405158,0.0049108092,High
Bahamas,2004,Developing,73.8,0.0747410683,0.0888670838,0.0049108092,High
Bahamas,2005,Developing,74.1,0.0586232425,0.1194936518,0.0049108092,High
Bahamas,2006,Developing,74.2,0.0505643296,0.1194936518,0.0049108092,High
Bahamas,2007,Developing,74.4,0.018328678,0.1501202197,0.0049108092,High
Bahamas,2008,Developing,74.5,0.018328678,0.1807467877,0.0049108092,High
Bahamas,2009,Developing,74.6,0.0263875909,0.1807467877,0.0049108092,High
Bahamas,2010,Developing,75,-0.030024799,0.1807467877,0.0049108092,High
Bahamas,2011,Developing,75,-0.021965886,0.1807467877,0.0049108092,High
Bahamas,2012,Developing,74.9,0.018328678,0.1807467877,0.0049108092,High
Bahamas,2013,Developing,74.8,0.0586232425,0.1807467877,0.0049108092,High
Bahamas,2014,Developing,75.4,-1.19856717,0.1807467877,0.0049108092,High
Bahamas,2015,Developing,76.1,-0.14284958,0.1807467877,0.0049108092,High
Bahrain,2000,Developing,74.5,-0.586089789,0.3645061957,1.1869314757,High
Bahrain,2001,Developing,74.7,-1.25497956,0.3951327637,1.1533946023,High
Bahrain,2002,Developing,74.9,-0.626384354,0.4563858996,-0.167141897,High
Bahrain,2003,Developing,75,-0.64250218,0.5176390356,1.2112550526,High
Bahrain,2004,Developing,75.2,-0.658620006,0.5788921716,1.2738170655,High
Bahrain,2005,Developing,75.3,-0.674737831,0.6095187396,1.3462104434,High
Bahrain,2006,Developing,75.5,-0.690855657,0.6707718756,0.0583584568,High
Bahrain,2007,Developing,75.6,-0.706973483,0.7320250115,0.3066803926,High
Bahrain,2008,Developing,75.8,-0.715032396,0.7320250115,0.174165483,High
Bahrain,2009,Developing,76,-0.731150222,0.7320250115,1.3895558686,High
Bahrain,2010,Developing,76.1,-0.739209135,0.7320250115,0.2548892466,High
Bahrain,2011,Developing,76.1,-0.715032396,0.7320250115,0.1526513617,High
Bahrain,2012,Developing,76.5,-0.75532696,0.7626515795,1.5054156396,High
Bahrain,2013,Developing,76.7,-1.271097386,0.7626515795,-1.123512575,High
Bahrain,2014,Developing,76.8,-1.271097386,0.7626515795,1.5371568627,High
Bahrain,2015,Developing,76.9,-0.771444786,0.7626515795,1.4814329272,High
Bangladesh,2000,Developing,65.3,0.0666821554,-1.442461316,-2.110052145,Low
Bangladesh,2001,Developing,65.8,0.0263875909,-1.38120818,-2.149869604,Low
Bangladesh,2002,Developing,66.3,-0.005848061,-1.319955044,-3.435616055,Low
Bangladesh,2003,Developing,66.8,-0.030024799,-1.258701908,-0.808872641,Low
Bangladesh,2004,Developing,67.3,-0.054201538,-1.197448772,-2.095974872,Low
Bangladesh,2005,Developing,67.8,-0.078378277,-1.166822204,-0.743931003,Low
Bangladesh,2006,Developing,68.2,-0.102555015,-1.105569068,-0.731685145,Low
Bangladesh,2007,Developing,68.6,-0.110613928,-1.044315932,-0.679021085,Low
Bangladesh,2008,Developing,69.1,-0.14284958,-1.044315932,-0.604829455,Low
Bangladesh,2009,Developing,69.5,-0.167026319,-1.105569068,-0.546488276,Low
Bangladesh,2010,Developing,69.9,-0.183144144,-0.952436228,-0.484882852,Low
Bangladesh,2011,Developing,73,-1.214684996,-0.799303388,-0.428123271,High
Bangladesh,2012,Developing,77,-0.223438709,-0.646170548,-0.414070669,High
Bangladesh,2013,Developing,71,-0.239556535,-0.61554398,-0.352885067,High
Bangladesh,2014,Developing,71.4,-0.263733273,-0.61554398,-1.301773614,High
Bangladesh,2015,Developing,71.8,-0.287910012,-0.554290844,-1.545240721,High
Barbados,2000,Developing,73.3,-0.304027838,0.6095187396,1.0917869412,High
Barbados,2001,Developing,73.4,-0.320145664,0.6095187396,1.0890684708,High
Barbados,2002,Developing,73.5,-0.33626349,0.6095187396,1.0971266224,High
Barbados,2003,Developing,73.7,-0.352381315,0.6707718756,-0.205305427,High
Barbados,2004,Developing,73.8,-0.368499141,0.7320250115,1.1534239498,High
Barbados,2005,Developing,73.9,-0.384616967,0.7932781475,1.2113312328,High
Barbados,2006,Developing,74.1,-0.400734793,0.8545312835,1.2664731906,High
Barbados,2007,Developing,74.2,-0.416852619,0.9157844195,1.2958768035,High
Barbados,2008,Developing,74.4,-0.432970444,1.0076641234,-0.032137871,High
Barbados,2009,Developing,74.6,-1.174390431,1.0689172594,1.2980105072,High
Barbados,2010,Developing,74.7,-1.19856717,1.1607969634,-0.053978351,High
Barbados,2011,Developing,74.9,-1.214684996,1.0689172594,1.2623028432,High
Barbados,2012,Developing,75.1,-1.230802821,1.0076641234,1.2567172418,High
Barbados,2013,Developing,75.2,-1.238861734,1.0076641234,1.2600129047,High
Barbados,2014,Developing,75.4,-1.319450863,1.0076641234,1.2557688112,High
Barbados,2015,Developing,75.5,-0.537736312,1.0076641234,1.2631839521,High
Belarus,2000,Developing,68,0.66304171,0.3338796277,-0.183252162,Low
Belarus,2001,Developing,67.7,0.7194541003,0.3951327637,-0.197900528,Low
Belarus,2002,Developing,67.2,0.7839254035,0.4870124676,-0.097835398,Low
Belarus,2003,Developing,67.7,0.7113951874,0.5788921716,0.0218718128,Low
Belarus,2004,Developing,68.2,0.66304171,0.6401453076,0.176791751,Low
Belarus,2005,Developing,68.1,0.7033362745,0.7320250115,0.3350404025,Low
Belarus,2006,Developing,68.9,0.6308060584,0.7932781475,0.4551381956,Low
Belarus,2007,Developing,69.8,0.4938045391,0.8851578515,0.5751484077,Low
Belarus,2008,Developing,70,0.4776867133,0.9464109874,0.7472240675,High
Belarus,2009,Developing,70,0.4938045391,1.0382906914,0.626618476,High
Belarus,2010,Developing,73,0.4615688875,1.0689172594,-1.919955694,High
Belarus,2011,Developing,72,0.5421580165,1.0689172594,0.7601008021,High
Belarus,2012,Developing,71.9,0.2359193263,1.0995438274,-0.53545351,High
Belarus,2013,Developing,71.7,-1.14215478,1.1301703954,0.8769213594,High
Belarus,2014,Developing,72,0.2762138908,1.1301703954,0.9010317688,High
Belarus,2015,Developing,72.3,0.2520371521,1.0995438274,0.7071230544,High
Belgium,2000,Developed,77.6,-1.238861734,1.8345814591,0.1642829489,High
Belgium,2001,Developed,78,-1.319450863,1.8958345951,1.4923600779,High
Belgium,2002,Developed,78,-0.529677399,2.079594003,0.2176322373,High
Belgium,2003,Developed,78.3,-0.561913051,2.0183408671,0.439250589,High
Belgium,2004,Developed,78.8,-0.594148702,2.079594003,1.7418332231,High
Belgium,2005,Developed,78.9,-0.610266528,1.1301703954,1.7638001915,High
Belgium,2006,Developed,79.4,-0.64250218,1.1301703954,1.7925689248,High
Belgium,2007,Developed,79.5,-0.634443267,1.1607969634,0.538378998,High
Belgium,2008,Developed,79.5,-0.626384354,1.1607969634,1.919962504,High
Belgium,2009,Developed,79.8,-0.64250218,1.1607969634,0.5441722194,High
Belgium,2010,Developed,80,-0.674737831,1.1914235314,0.5376504064,High
Belgium,2011,Developed,83,-1.263038473,1.2526766673,0.5796854129,High
Belgium,2012,Developed,83,-0.69891457,1.2833032353,0.5423665611,High
Belgium,2013,Developed,87,-0.706973483,1.3139298033,0.5647835862,High
Belgium,2014,Developed,89,-0.715032396,1.3139298033,1.9080729809,High
Belgium,2015,Developed,81.1,-0.731150222,1.4058095073,0.5269480759,High
Belize,2000,Developing,68.3,0.2520371521,-0.094892324,0.3774239161,Low
Belize,2001,Developing,68.2,-1.158272605,-0.064265756,0.3867783812,Low
Belize,2002,Developing,68.5,0.2762138908,-0.033639188,0.4095487396,Low
Belize,2003,Developing,68.4,-1.158272605,0.0582405158,0.4292832521,Low
Belize,2004,Developing,68.7,0.260096065,0.1501202197,0.452625875,Low
Belize,2005,Developing,69,0.2117425876,0.2419999237,0.4677927643,Low
Belize,2006,Developing,69.4,0.1553301973,0.0888670838,0.5039956988,Low
Belize,2007,Developing,69.6,0.1311534586,0.2419999237,0.5226841584,Low
Belize,2008,Developing,69.6,0.1311534586,0.2419999237,-0.789822561,Low
Belize,2009,Developing,69.5,0.1553301973,0.2113733557,0.5137769671,Low
Belize,2010,Developing,69.5,0.1714480231,0.1194936518,0.525256425,Low
Belize,2011,Developing,69.4,0.1875658489,0.1194936518,0.547729015,Low
Belize,2012,Developing,69.4,0.1956247618,0.1501202197,0.5675441871,Low
Belize,2013,Developing,69.8,-1.182449344,0.2726264917,0.5693853502,Low
Belize,2014,Developing,70,0.098917807,0.2419999237,0.5892349879,High
Belize,2015,Developing,71,0.0827999812,0.2419999237,0.5889695451,High
Benin,2000,Developing,55.4,0.9209269227,-1.718100428,-0.892956332,Low
Benin,2001,Developing,55.5,0.9370447485,-1.656847292,-0.885974216,Low
Benin,2002,Developing,55.6,0.9531625743,-1.442461316,-0.827951272,Low
Benin,2003,Developing,55.8,0.9692804001,-1.319955044,-0.703405467,Low
Benin,2004,Developing,56.1,0.9692804001,-1.197448772,-0.635979512,Low
Benin,2005,Developing,56.5,0.9692804001,-1.0749425,-1.934638494,Low
Benin,2006,Developing,56.8,0.9612214872,-1.013689364,-0.595454372,Low
Benin,2007,Developing,57.1,0.9531625743,-0.952436228,-1.810940087,Low
Benin,2008,Developing,57.6,0.9128680098,-0.891183092,-1.769981402,Low
Benin,2009,Developing,58.4,0.7597486648,-0.829929956,-0.458191993,Low
Benin,2010,Developing,58.7,0.7194541003,-0.76867682,-0.484864364,Low
Benin,2011,Developing,59.1,0.6952773616,-0.676797116,-0.434978342,Low
Benin,2012,Developing,59.3,0.6952773616,-0.61554398,-0.42662633,Low
Benin,2013,Developing,59.5,0.6952773616,-0.523664276,-0.375578513,Low
Benin,2014,Developing,59.7,0.7033362745,-0.401158004,-0.357891303,Low
Benin,2015,Developing,60,0.6791595358,-0.401158004,-0.465162704,Low
Bhutan,2000,Developing,62,1.1868710484,-1.442461316,-0.478662748,Low
Bhutan,2001,Developing,61.7,-1.093801302,-1.350581612,-1.730603101,Low
Bhutan,2002,Developing,62.5,0.9451036614,-1.22807534,-0.394613483,Low
Bhutan,2003,Developing,63.3,0.8725734453,-1.105569068,-0.325672348,Low
Bhutan,2004,Developing,64.2,0.7919843164,-0.983062796,-1.262717043,Low
Bhutan,2005,Developing,65,0.7194541003,-0.860556524,-0.196396065,Low
Bhutan,2006,Developing,65.8,0.6469238842,-0.738050252,-0.157039055,Low
Bhutan,2007,Developing,66.5,0.5905114939,-0.584917412,-0.003599106,Low
Bhutan,2008,Developing,67,0.5582758423,-0.46241114,0.0140804424,Low
Bhutan,2009,Developing,67.4,0.5421580165,-0.339904868,-1.325217726,Low
Bhutan,2010,Developing,67.9,0.5099223649,-0.186772028,0.1261368787,Low
Bhutan,2011,Developing,68.3,0.4857456262,-0.033639188,0.1959567518,Low
Bhutan,2012,Developing,68.7,0.4696278004,0.0888670838,0.1875089941,Low
Bhutan,2013,Developing,69.1,0.4373921488,0.1807467877,-1.159865664,Low
Bhutan,2014,Developing,69.4,0.4132154101,0.1501202197,0.2108994793,Low
Bhutan,2015,Developing,69.8,0.3729208456,0.1501202197,0.2313631548,Low
Bolivia (Plurinational State of),2000,Developing,62.6,0.6308060584,0.3951327637,0.0049108092,Low
Bolivia (Plurinational State of),2001,Developing,63.3,0.5905114939,0.5176390356,0.0049108092,Low
Bolivia (Plurinational State of),2002,Developing,63.9,0.5582758423,0.6095187396,0.0049108092,Low
Bolivia (Plurinational State of),2003,Developing,64.5,-1.14215478,0.7320250115,0.0049108092,Low
Bolivia (Plurinational State of),2004,Developing,65.1,0.4938045391,0.7932781475,0.0049108092,Low
Bolivia (Plurinational State of),2005,Developing,65.7,0.4615688875,0.7320250115,0.0049108092,Low
Bolivia (Plurinational State of),2006,Developing,66.2,0.4373921488,0.7013984435,0.0049108092,Low
Bolivia (Plurinational State of),2007,Developing,66.8,0.4132154101,0.6401453076,0.0049108092,Low
Bolivia (Plurinational State of),2008,Developing,67.4,0.3729208456,0.6095187396,0.0049108092,Low
Bolivia (Plurinational State of),2009,Developing,68,-1.109919128,0.5482656036,0.0049108092,Low
Bolivia (Plurinational State of),2010,Developing,68.7,-1.150213692,0.5482656036,0.0049108092,Low
Bolivia (Plurinational State of),2011,Developing,69.3,0.2681549779,0.5482656036,0.0049108092,Low
Bolivia (Plurinational State of),2012,Developing,69.8,0.2359193263,0.5482656036,0.0049108092,Low
Bolivia (Plurinational State of),2013,Developing,71,0.2198015005,0.5482656036,0.0049108092,High
Bolivia (Plurinational State of),2014,Developing,74,0.1956247618,0.5482656036,0.0049108092,High
Bolivia (Plurinational State of),2015,Developing,77,0.1714480231,0.5482656036,0.0049108092,High
Bosnia and Herzegovina,2000,Developing,74.6,-0.39267588,-3.678200779,-0.104769255,High
Bosnia and Herzegovina,2001,Developing,74.9,-0.416852619,-0.125518892,-0.080491815,High
Bosnia and Herzegovina,2002,Developing,75.4,-1.238861734,-0.033639188,0.0031370744,High
Bosnia and Herzegovina,2003,Developing,75.2,-1.230802821,0.0276139478,0.1355662372,High
Bosnia and Herzegovina,2004,Developing,75.5,-0.529677399,0.0888670838,-1.091138155,High
Bosnia and Herzegovina,2005,Developing,75,-1.230802821,0.1501202197,0.3049868955,High
Bosnia and Herzegovina,2006,Developing,75.7,-1.319450863,0.2113733557,-0.941078369,High
Bosnia and Herzegovina,2007,Developing,75.4,-1.19856717,0.2726264917,-0.828512988,High
Bosnia and Herzegovina,2008,Developing,76,-0.537736312,0.3338796277,-0.644142812,High
Bosnia and Herzegovina,2009,Developing,76.1,-0.545795225,0.3951327637,0.5705388214,High
Bosnia and Herzegovina,2010,Developing,76.4,-0.569971964,0.3951327637,0.5597986354,High
Bosnia and Herzegovina,2011,Developing,76.9,-0.586089789,0.4257593316,-2.000419323,High
Bosnia and Herzegovina,2012,Developing,76.8,-0.586089789,0.5788921716,0.5728460297,High
Bosnia and Herzegovina,2013,Developing,77,-1.25497956,0.6707718756,-0.685233165,High
Bosnia and Herzegovina,2014,Developing,77.2,-0.610266528,0.6707718756,0.6286016031,High
Bosnia and Herzegovina,2015,Developing,77.4,-0.618325441,0.6707718756,0.5552028171,High
Botswana,2000,Developing,47.8,3.8866068697,-0.094892324,0.3748849319,Low
Botswana,2001,Developing,46.7,4.1444920825,-0.064265756,0.335458393,Low
Botswana,2002,Developing,46,4.3056703405,-0.033639188,-0.922405485,Low
Botswana,2003,Developing,46.4,4.2573168631,-0.064265756,0.500709944,Low
Botswana,2004,Developing,48.1,3.9269014342,-0.064265756,0.5944991378,Low
Botswana,2005,Developing,51.7,3.2338349249,-0.033639188,0.6458600509,Low
Botswana,2006,Developing,54.8,2.6294164574,-0.033639188,0.6483732754,Low
Botswana,2007,Developing,56.9,2.186176248,0.0276139478,0.683847131,Low
Botswana,2008,Developing,57.5,2.1136460319,0.0276139478,0.6745514909,Low
Botswana,2009,Developing,59.2,1.8396429933,0.0582405158,0.6276855012,Low
Botswana,2010,Developing,61.1,1.4850508257,0.0888670838,0.7444936562,Low
Botswana,2011,Developing,62.2,1.2916369161,0.1194936518,0.8522157103,Low
Botswana,2012,Developing,63.4,-1.303333037,0.1501202197,-0.507013191,Low
Botswana,2013,Developing,64.2,0.977339313,0.1807467877,-1.802757564,Low
Botswana,2014,Developing,65.1,0.8322788809,0.1807467877,0.8409505438,Low
Botswana,2015,Developing,65.7,0.7355719261,0.1807467877,0.7612471315,Low
Brazil,2000,Developing,75,0.1472712844,0.6401453076,0.4385027111,High
Brazil,2001,Developing,71,0.1150356328,0.7013984435,0.3387715922,High
Brazil,2002,Developing,71.4,0.0908588941,0.7932781475,0.2752470263,High
Brazil,2003,Developing,71.8,0.0586232425,0.8545312835,-0.915985118,High
Brazil,2004,Developing,72,-1.190508257,0.6095187396,0.4203305537,High
Brazil,2005,Developing,72.7,-0.013906974,0.5482656036,-0.752322076,High
Brazil,2006,Developing,73,-0.030024799,0.5482656036,-0.633356011,High
Brazil,2007,Developing,73.3,-0.046142625,0.4563858996,0.8265621535,High
Brazil,2008,Developing,73.4,-0.054201538,0.3951327637,0.9327702804,High
Brazil,2009,Developing,73.6,-0.062260451,0.5482656036,0.9171432437,High
Brazil,2010,Developing,73.8,-0.08643719,0.5482656036,1.0743274213,High
Brazil,2011,Developing,74.1,-0.102555015,0.6095187396,1.166692565,High
Brazil,2012,Developing,74.5,-0.134790667,0.6707718756,1.1268706786,High
Brazil,2013,Developing,74.7,-0.150908493,0.6707718756,1.1233530037,High
Brazil,2014,Developing,74.8,-0.167026319,0.9770375554,-0.20621361,High
Brazil,2015,Developing,75,-0.183144144,0.9770375554,0.9307689695,High
Brunei Darussalam,2000,Developing,74.4,-1.19856717,0.4257593316,-1.289730942,High
Brunei Darussalam,2001,Developing,74.7,-1.174390431,0.4257593316,1.2960750552,High
Brunei Darussalam,2002,Developing,74.8,-0.561913051,0.3951327637,1.3092051285,High
Brunei Darussalam,2003,Developing,76,-0.610266528,0.4257593316,1.3651070042,High
Brunei Darussalam,2004,Developing,76.4,-0.610266528,0.5176390356,1.4608747707,High
Brunei Darussalam,2005,Developing,76.2,-0.586089789,0.6401453076,0.2310284931,High
Brunei Darussalam,2006,Developing,76.3,-0.578030877,0.7013984435,-0.855873865,High
Brunei Darussalam,2007,Developing,76,-1.319450863,0.7013984435,1.6923615533,High
Brunei Darussalam,2008,Developing,77.2,-0.650561093,0.6707718756,1.7789957099,High
Brunei Darussalam,2009,Developing,76.8,-0.618325441,0.6401453076,1.6023810179,High
Brunei Darussalam,2010,Developing,76.9,-0.690855657,0.6707718756,1.7365825322,High
Brunei Darussalam,2011,Developing,77.4,-0.690855657,0.6401453076,0.5729195667,High
Brunei Darussalam,2012,Developing,78.3,-0.690855657,0.7320250115,1.9106504987,High
Brunei Darussalam,2013,Developing,77.1,-0.650561093,0.8851578515,1.8723372465,High
Brunei Darussalam,2014,Developing,77.6,-1.263038473,0.9157844195,0.5001825691,High
Brunei Darussalam,2015,Developing,77.7,-0.69891457,0.8851578515,0.4728533614,High
Bulgaria,2000,Developed,71.1,-0.013906974,0.2726264917,-1.351759115,High
Bulgaria,2001,Developed,71.6,-1.19856717,0.2726264917,0.0042643231,High
Bulgaria,2002,Developed,71.8,-0.062260451,0.2726264917,-1.045330825,High
Bulgaria,2003,Developed,72,-0.078378277,0.2726264917,-1.07859012,High
Bulgaria,2004,Developed,72.2,-0.062260451,0.3951327637,0.3803657633,High
Bulgaria,2005,Developed,72.1,-1.19856717,0.4563858996,0.4619334224,High
Bulgaria,2006,Developed,72.2,-0.030024799,0.4563858996,0.5473304937,High
Bulgaria,2007,Developed,72.6,-0.062260451,0.4563858996,0.7055441106,High
Bulgaria,2008,Developed,72.9,-0.078378277,0.5482656036,0.8251815243,High
Bulgaria,2009,Developed,73.2,-0.102555015,0.5482656036,0.7975669814,High
Bulgaria,2010,Developed,73.4,-0.14284958,0.5788921716,0.7881164592,High
Bulgaria,2011,Developed,73.7,-0.167026319,0.6707718756,0.8648347948,High
Bulgaria,2012,Developed,73.9,-0.207320883,0.7013984435,0.8316566114,High
Bulgaria,2013,Developed,74.1,-1.214684996,0.7320250115,0.8544547456,High
Bulgaria,2014,Developed,74.3,-0.215379796,0.8545312835,0.8677515046,High
Bulgaria,2015,Developed,74.5,-0.223438709,0.9157844195,0.8006761063,High
Burkina Faso,2000,Developing,51,1.4769919128,-2.636897467,-1.18340592,Low
Burkina Faso,2001,Developing,56,1.4447562612,-2.606270899,-1.160826885,Low
Burkina Faso,2002,Developing,51,1.3964027838,-2.575644331,-2.4187079,Low
Burkina Faso,2003,Developing,51.6,1.3480493064,-2.514391195,-0.961557672,Low
Burkina Faso,2004,Developing,52.4,1.2755190903,-2.483764627,-0.897407643,Low
Burkina Faso,2005,Developing,53.3,1.1949299613,-2.361258355,-2.093001724,Low
Burkina Faso,2006,Developing,54.3,-1.069624563,-2.238752083,-0.822540904,Low
Burkina Faso,2007,Developing,55.3,1.0337517033,-2.177498947,-0.754838614,Low
Burkina Faso,2008,Developing,56.1,0.9934571388,-2.024366107,-0.649755415,Low
Burkina Faso,2009,Developing,56.9,0.9531625743,-1.871233268,-0.667293344,Low
Burkina Faso,2010,Developing,57.5,0.9209269227,-1.748726996,-0.644012311,Low
Burkina Faso,2011,Developing,58.1,0.8886912711,-1.626220724,-0.558746485,Low
Burkina Faso,2012,Developing,58.6,0.8564556195,-1.473087884,-0.552723423,Low
Burkina Faso,2013,Developing,59,-1.109919128,-1.38120818,-0.531129706,Low
Burkina Faso,2014,Developing,59.3,0.8322788809,-1.319955044,-1.821534253,Low
Burkina Faso,2015,Developing,59.9,-1.117978041,-1.319955044,-0.605003558,Low
Burundi,2000,Developing,58,1.783230603,-2.300005219,-1.478404454,Low
Burundi,2001,Developing,51.3,1.7751716901,-2.300005219,-1.488078836,Low
Burundi,2002,Developing,51.5,1.7912895159,-2.330631787,-1.539183199,Low
Burundi,2003,Developing,51.9,1.7912895159,-2.238752083,-1.586334108,Low
Burundi,2004,Developing,52.6,1.7187592998,-2.085619243,-1.516048276,Low
Burundi,2005,Developing,53.4,1.6462290837,-1.963112971,-2.731881071,Low
Burundi,2006,Developing,54.1,1.5817577805,-1.871233268,-1.363517307,Low
Burundi,2007,Developing,54.8,1.5334043031,-1.473087884,-2.65461913,Low
Burundi,2008,Developing,55.3,-1.045447825,-1.258701908,-1.266274345,Low
Burundi,2009,Developing,56.2,1.3964027838,-1.044315932,-2.459418705,Low
Burundi,2010,Developing,56.8,-1.061565651,-0.829929956,-1.171478793,Low
Burundi,2011,Developing,57.4,1.2594012645,-0.646170548,-2.424869289,Low
Burundi,2012,Developing,58,1.1868710484,-0.523664276,-1.091916063,Low
Burundi,2013,Developing,58.6,-1.061565651,-0.46241114,-1.055026177,Low
Burundi,2014,Developing,59.1,1.0659873549,-0.431784572,-0.996709518,Low
Burundi,2015,Developing,59.6,0.9934571388,-0.431784572,-2.285726035,Low
Cabo Verde,2000,Developing,69.9,-0.078378277,-0.217398596,-0.200227228,Low
Cabo Verde,2001,Developing,73,-0.102555015,-0.3092783,-0.186617438,High
Cabo Verde,2002,Developing,77,-0.134790667,-0.217398596,-0.14078502,High
Cabo Verde,2003,Developing,71.1,-0.167026319,-0.217398596,0.0055565736,High
Cabo Verde,2004,Developing,71.4,-1.214684996,-0.278651732,0.069726096,High
Cabo Verde,2005,Developing,71.8,-0.247615448,-0.248025164,-1.130576182,High
Cabo Verde,2006,Developing,72.1,-0.287910012,-0.033639188,-1.163785203,High
Cabo Verde,2007,Developing,72.3,-0.312086751,-0.033639188,0.3323643516,High
Cabo Verde,2008,Developing,72.4,-0.328204577,0.0582405158,0.4227968833,High
Cabo Verde,2009,Developing,72.4,-0.328204577,0.1194936518,0.3910393766,High
Cabo Verde,2010,Developing,72.5,-0.33626349,0.2113733557,0.3684841707,High
Cabo Verde,2011,Developing,72.6,-0.344322402,0.3338796277,-0.903506241,High
Cabo Verde,2012,Developing,72.7,-0.352381315,0.3645061957,-0.934130006,High
Cabo Verde,2013,Developing,72.8,-1.230802821,0.4870124676,0.4099120393,High
Cabo Verde,2014,Developing,73,-0.384616967,0.4563858996,0.4051500251,High
Cabo Verde,2015,Developing,73.3,-0.408793706,0.4563858996,0.3021951104,High
Cambodia,2000,Developing,57.7,0.8806323582,-1.473087884,-3.565459902,Low
Cambodia,2001,Developing,58.5,0.8725734453,-1.350581612,-0.981239253,Low
Cambodia,2002,Developing,59.3,0.8725734453,-1.166822204,-0.948934233,Low
Cambodia,2003,Developing,63,0.8322788809,-0.829929956,-0.911444533,Low
Cambodia,2004,Developing,61.5,0.7113951874,-0.707423684,-2.073443534,Low
Cambodia,2005,Developing,62.9,0.5582758423,-0.61554398,-0.755919938,Low
Cambodia,2006,Developing,64.1,0.4132154101,-0.584917412,-0.680916874,Low
Cambodia,2007,Developing,65,-1.134095867,-0.523664276,-0.590084887,Low
Cambodia,2008,Developing,65.6,0.2762138908,-0.46241114,-0.494027403,Low
Cambodia,2009,Developing,66.1,0.2439782392,-0.46241114,-0.499917043,Low
Cambodia,2010,Developing,66.6,0.2198015005,-0.431784572,-0.463876611,Low
Cambodia,2011,Developing,67,-1.174390431,-0.401158004,-0.396672377,Low
Cambodia,2012,Developing,67.4,0.1714480231,-0.401158004,-1.684442556,Low
Cambodia,2013,Developing,67.8,0.1472712844,-0.370531436,-1.511572232,Low
Cambodia,2014,Developing,68.3,0.1150356328,-0.339904868,-1.259127257,Low
Cambodia,2015,Developing,68.7,0.0747410683,-0.339904868,-0.236925079,Low
Cameroon,2000,Developing,51.4,1.8477019062,-1.564967588,-1.875823173,Low
Cameroon,2001,Developing,51.5,-0.997094347,-1.503714452,-0.605868005,Low
Cameroon,2002,Developing,51.6,-0.94874087,-1.105569068,-0.550517197,Low
Cameroon,2003,Developing,51.8,1.9927623384,-1.197448772,-0.43573088,Low
Cameroon,2004,Developing,52.1,1.9927623384,-1.166822204,-1.696919361,Low
Cameroon,2005,Developing,52.8,-1.295274125,-1.136195636,-0.352704135,Low
Cameroon,2006,Developing,53.3,1.8477019062,-1.166822204,-2.836872113,Low
Cameroon,2007,Developing,53.6,1.8557608191,-1.22807534,-1.59219426,Low
Cameroon,2008,Developing,54.2,1.7509949514,-0.983062796,-0.202965622,Low
Cameroon,2009,Developing,54.8,1.6784647353,-0.860556524,-1.535595293,Low
Cameroon,2010,Developing,55.3,-1.029329999,-0.707423684,-0.227220696,Low
Cameroon,2011,Developing,55.6,1.6623469095,-0.61554398,-0.174543174,Low
Cameroon,2012,Developing,55.9,1.6462290837,-0.493037708,-0.192683064,Low
Cameroon,2013,Developing,56.4,1.6059345192,-0.493037708,-0.144236568,Low
Cameroon,2014,Developing,56.7,1.622052345,-0.493037708,-0.11298432,Low
Cameroon,2015,Developing,57.3,1.5495221289,-0.493037708,-0.197874388,Low
Canada,2000,Developing,79.1,-0.666678918,1.1914235314,1.516913672,High
Canada,2001,Developing,79.4,-1.263038473,1.1607969634,1.5064475649,High
Canada,2002,Developing,79.5,-0.690855657,1.1607969634,1.5179599104,High
Canada,2003,Developing,79.7,-0.69891457,1.1607969634,1.6066401012,High
Canada,2004,Developing,80,-0.706973483,1.1607969634,1.6799697823,High
Canada,2005,Developing,81,-0.715032396,1.1607969634,1.7515016433,High
Canada,2006,Developing,85,-0.723091309,1.1607969634,0.5308941852,High
Canada,2007,Developing,85,-0.731150222,1.1607969634,1.8716526284,High
Canada,2008,Developing,87,-0.731150222,1.1607969634,1.8977010121,High
Canada,2009,Developing,81,-0.747268047,1.1914235314,0.5797678447,High
Canada,2010,Developing,81.2,-1.271097386,1.1914235314,1.9081714851,High
Canada,2011,Developing,81.5,-0.779503699,1.1914235314,0.638349167,High
Canada,2012,Developing,81.6,-0.779503699,1.1914235314,1.966666676,High
Canada,2013,Developing,81.8,-0.787562612,1.1914235314,1.9657517087,High
Canada,2014,Developing,82,-0.803680438,1.1914235314,-0.676057477,High
Canada,2015,Developing,82.2,-0.811739351,1.3139298033,1.8554720343,High
Central African Republic,2000,Developing,46,-0.932623044,-2.085619243,-1.141380203,Low
Central African Republic,2001,Developing,45.6,-0.89232848,-2.054992675,-1.142293626,Low
Central African Republic,2002,Developing,45.6,-0.860092828,-2.024366107,-1.117590049,Low
Central African Republic,2003,Developing,45.7,-0.916505218,-1.963112971,-1.047904785,Low
Central African Republic,2004,Developing,45.7,2.7986536283,-1.932486403,-0.995846438,Low
Central African Republic,2005,Developing,45.9,2.7905947154,-1.871233268,-0.970731634,Low
Central African Republic,2006,Developing,46.3,-0.876210654,-1.8406067,-0.935474536,Low
Central African Republic,2007,Developing,46.8,2.661652109,-1.779353564,-0.858516337,Low
Central African Republic,2008,Developing,47.6,2.5165916768,-1.748726996,-0.77749516,Low
Central African Republic,2009,Developing,48.6,2.3231777672,-1.718100428,-0.786297393,Low
Central African Republic,2010,Developing,49.2,2.2667653769,-1.656847292,-0.790838119,Low
Central African Republic,2011,Developing,49.8,2.2425886382,-1.595594156,-0.73189325,Low
Central African Republic,2012,Developing,53,2.2103529867,-1.503714452,-0.741242352,Low
Central African Republic,2013,Developing,49.9,2.3070599414,-1.503714452,-0.95267911,Low
Central African Republic,2014,Developing,58,2.1942351609,-1.503714452,-0.88842957,Low
Central African Republic,2015,Developing,52.5,1.8718786449,-1.503714452,-0.934298249,Low
Chad,2000,Developing,47.6,-0.972917609,-2.238752083,-1.362289879,Low
Chad,2001,Developing,48,-1.295274125,-2.177498947,-1.263133859,Low
Chad,2002,Developing,48.1,-0.980976522,-2.116245811,-2.51003013,Low
Chad,2003,Developing,48.4,-0.980976522,-2.024366107,-1.035246889,Low
Chad,2004,Developing,48.5,-0.964858696,-1.963112971,-0.780268036,Low
Chad,2005,Developing,48.6,-0.956799783,-1.963112971,-1.894487205,Low
Chad,2006,Developing,48.5,2.0088801642,-1.993739539,-0.520695339,Low
Chad,2007,Developing,49.4,1.8477019062,-1.932486403,-1.773282264,Low
Chad,2008,Developing,49.6,1.8477019062,-1.8406067,-0.366483518,Low
Chad,2009,Developing,57,-1.029329999,-1.748726996,-1.753978057,Low
Chad,2010,Developing,51.2,1.6059345192,-1.626220724,-0.387517529,Low
Chad,2011,Developing,51.6,1.6139934321,-1.626220724,-0.330624402,Low
Chad,2012,Developing,51.8,1.6301112579,-1.442461316,-0.339916154,Low
Chad,2013,Developing,52.2,1.622052345,-1.442461316,-0.332442597,Low
Chad,2014,Developing,52.6,1.5898166934,-1.442461316,-1.522581362,Low
Chad,2015,Developing,53.1,1.541463216,-1.442461316,-0.4701269,Low
Chile,2000,Developing,77.3,-1.222743908,0.4563858996,-0.712299734,High
Chile,2001,Developing,77.3,-1.19856717,0.5176390356,0.5578125441,High
Chile,2002,Developing,77.8,-1.238861734,0.5788921716,0.5409394784,High
Chile,2003,Developing,77.9,-1.319450863,0.6095187396,0.5814914637,High
Chile,2004,Developing,78,-0.545795225,0.7013984435,-0.599173365,High
Chile,2005,Developing,78.4,-0.578030877,0.7932781475,0.8499514928,High
Chile,2006,Developing,78.9,-0.594148702,0.8851578515,0.9769248948,High
Chile,2007,Developing,78.9,-1.25497956,0.8545312835,-0.079557143,High
Chile,2008,Developing,79.6,-0.618325441,0.9770375554,0.0096119707,High
Chile,2009,Developing,79.3,-0.594148702,1.0076641234,-0.198386464,High
Chile,2010,Developing,79.1,-0.610266528,0.9770375554,-0.178787453,High
Chile,2011,Developing,79.8,-0.634443267,1.0382906914,-0.09928026,High
Chile,2012,Developing,79.9,-0.650561093,1.0689172594,1.2584836722,High
Chile,2013,Developing,81,-0.650561093,1.0995438274,1.2772715624,High
Chile,2014,Developing,83,-0.658620006,1.2833032353,1.2349772686,High
Chile,2015,Developing,85,-0.666678918,1.3139298033,1.1876470457,High
China,2000,Developing,71.7,-0.400734793,-0.76867682,-0.348355825,High
China,2001,Developing,72.2,-1.238861734,-0.738050252,-1.409578996,High
China,2002,Developing,72.7,-1.19856717,-0.707423684,-0.244233399,High
China,2003,Developing,73.1,-1.222743908,-0.646170548,-0.1776798,High
China,2004,Developing,73.5,-1.238861734,-0.554290844,-1.389225354,High
China,2005,Developing,73.9,-0.529677399,-0.431784572,0.0004646074,High
China,2006,Developing,74.2,-0.537736312,-0.3092783,-1.02227019,High
China,2007,Developing,74.4,-0.553854138,-0.186772028,0.2491720969,High
China,2008,Developing,74.5,-0.545795225,-0.033639188,0.395504228,High
China,2009,Developing,74.9,-0.578030877,0.0582405158,0.4536660192,High
China,2010,Developing,75,-0.586089789,0.1501202197,-0.777937131,High
China,2011,Developing,75.2,-0.594148702,0.2419999237,0.6756219744,High
China,2012,Developing,75.4,-0.610266528,0.1194936518,0.7437390819,High
China,2013,Developing,75.6,-0.618325441,0.2113733557,-0.469734695,High
China,2014,Developing,75.8,-0.634443267,0.3338796277,0.8551069234,High
China,2015,Developing,76.1,-0.64250218,0.4563858996,-0.405442664,High
Colombia,2000,Developing,71.4,0.018328678,-0.217398596,0.1991800879,High
Colombia,2001,Developing,71.5,0.0022108522,-0.186772028,0.1810364997,High
Colombia,2002,Developing,71.8,-0.013906974,-0.15614546,0.1712656509,High
Colombia,2003,Developing,72.4,-1.206626083,-0.125518892,0.1437418022,High
Colombia,2004,Developing,72.8,-0.134790667,-0.217398596,-1.072694197,High
Colombia,2005,Developing,73.1,-0.167026319,-0.278651732,0.3811653394,High
Colombia,2006,Developing,73.1,-0.14284958,-0.15614546,-0.884370941,High
Colombia,2007,Developing,73.5,-0.167026319,-0.033639188,0.5676161063,High
Colombia,2008,Developing,73.5,-0.150908493,0.0582405158,0.6547065776,High
Colombia,2009,Developing,73.6,-1.206626083,0.1194936518,0.6235090304,High
Colombia,2010,Developing,73.6,-1.206626083,0.2419999237,-0.595624238,High
Colombia,2011,Developing,74.2,-0.167026319,0.3032530597,0.8197345977,High
Colombia,2012,Developing,74.3,-0.175085232,0.3645061957,0.8700779295,High
Colombia,2013,Developing,74.4,-0.158967406,0.3951327637,-1.759965039,High
Colombia,2014,Developing,74.6,-0.167026319,0.4870124676,0.872157506,High
Colombia,2015,Developing,74.8,-0.175085232,0.4870124676,-0.578436272,High
Comoros,2000,Developing,59.5,0.8645145324,-1.166822204,-0.890395236,Low
Comoros,2001,Developing,59.5,0.8645145324,-1.0749425,-0.860290893,Low
Comoros,2002,Developing,59.5,0.8564556195,-0.983062796,-0.808164303,Low
Comoros,2003,Developing,59.6,0.8564556195,-0.860556524,-0.675916437,Low
Comoros,2004,Developing,59.8,0.8403377938,-0.76867682,-0.604226532,Low
Comoros,2005,Developing,60,0.8161610551,-0.707423684,-0.599075333,Low
Comoros,2006,Developing,63,0.7839254035,-0.646170548,-0.574980982,Low
Comoros,2007,Developing,66,0.7597486648,-0.61554398,-1.840206931,Low
Comoros,2008,Developing,61,0.7275130132,-0.554290844,-0.456355797,Low
Comoros,2009,Developing,61.3,0.6952773616,-0.523664276,-0.469162714,Low
Comoros,2010,Developing,61.8,0.6549827971,-0.46241114,-0.476167399,Low
Comoros,2011,Developing,62.2,0.6146882326,-0.431784572,-0.4323121,Low
Comoros,2012,Developing,62.5,0.582452581,-0.370531436,-0.461716368,Low
Comoros,2013,Developing,62.9,0.5502169294,-0.339904868,-0.429125852,Low
Comoros,2014,Developing,63.2,-1.14215478,-0.278651732,-0.416364023,Low
Comoros,2015,Developing,63.5,0.501863452,-0.278651732,-0.50827185,Low
Congo,2000,Developing,52.9,2.02499799,-0.676797116,0.0049108092,Low
Congo,2001,Developing,52.7,2.0491747287,-0.707423684,0.0049108092,Low
Congo,2002,Developing,52.6,2.0894692932,-0.76867682,0.0049108092,Low
Congo,2003,Developing,53.2,2.0330569029,-0.799303388,0.0049108092,Low
Congo,2004,Developing,54.1,-0.940681957,-0.860556524,0.0049108092,Low
Congo,2005,Developing,55.3,1.8477019062,-0.799303388,0.0049108092,Low
Congo,2006,Developing,56.9,1.6381701708,-0.738050252,0.0049108092,Low
Congo,2007,Developing,58.2,1.5253453902,-0.676797116,0.0049108092,Low
Congo,2008,Developing,59.4,1.3964027838,-0.61554398,0.0049108092,Low
Congo,2009,Developing,68,1.2029888742,-0.523664276,0.0049108092,Low
Congo,2010,Developing,62,1.0740462678,-0.46241114,0.0049108092,Low
Congo,2011,Developing,62.9,0.9692804001,-0.401158004,0.0049108092,Low
Congo,2012,Developing,63.7,0.8725734453,-0.554290844,0.0049108092,Low
Congo,2013,Developing,63.9,0.8806323582,-0.278651732,0.0049108092,Low
Congo,2014,Developing,64.2,0.8886912711,-0.278651732,0.0049108092,Low
Congo,2015,Developing,64.7,0.824219968,-0.278651732,0.0049108092,Low
Cook Islands,2013,Developing,72.1,-0.167026319,0.0888670838,0.0049108092,High
Costa Rica,2000,Developing,77.6,-0.537736312,-0.125518892,-0.871454706,High
Costa Rica,2001,Developing,77.5,-1.319450863,-0.094892324,0.4748374066,High
Costa Rica,2002,Developing,78.3,-0.529677399,-0.033639188,-0.770838187,High
Costa Rica,2003,Developing,78,-1.319450863,0.0276139478,0.5012729483,High
Costa Rica,2004,Developing,77.7,-1.230802821,0.0582405158,0.5359977179,High
Costa Rica,2005,Developing,78.6,-0.545795225,0.1194936518,0.5704420399,High
Costa Rica,2006,Developing,78,-1.19856717,0.1807467877,0.6342798605,High
Costa Rica,2007,Developing,78.9,-0.578030877,0.2419999237,-0.60779991,High
Costa Rica,2008,Developing,78.9,-0.529677399,0.2726264917,0.7938252157,High
Costa Rica,2009,Developing,79.2,-0.553854138,0.3338796277,-0.539506701,High
Costa Rica,2010,Developing,78.1,-1.19856717,0.3951327637,0.8926961427,High
Costa Rica,2011,Developing,79,-0.537736312,0.4257593316,0.9584540692,High
Costa Rica,2012,Developing,79.2,-0.545795225,0.4870124676,1.00668125,High
Costa Rica,2013,Developing,79.4,-0.553854138,0.5176390356,-0.06357023,High
Costa Rica,2014,Developing,79.5,-0.553854138,0.5788921716,-0.035596832,High
Costa Rica,2015,Developing,79.6,-0.561913051,0.6707718756,-0.245353983,High
Croatia,2000,Developed,74.7,-0.304027838,0.0582405158,0.5972150417,High
Croatia,2001,Developed,74.9,-0.312086751,0.0888670838,0.6343056704,High
Croatia,2002,Developed,74.8,-0.328204577,0.1807467877,-0.570246173,High
Croatia,2003,Developed,74.7,-0.344322402,0.2726264917,-0.463737827,High
Croatia,2004,Developed,75.4,-0.408793706,0.3951327637,0.9696254201,High
Croatia,2005,Developed,75.2,-0.39267588,0.4870124676,-0.207332974,High
Croatia,2006,Developed,75.9,-0.416852619,0.5788921716,1.0814601756,High
Croatia,2007,Developed,75.8,-0.408793706,0.7013984435,1.1831161868,High
Croatia,2008,Developed,76,-0.39267588,0.7013984435,1.275544301,High
Croatia,2009,Developed,76.3,-1.174390431,0.6707718756,1.2086115205,High
Croatia,2010,Developed,76.6,-1.19856717,0.6707718756,-0.148317301,High
Croatia,2011,Developed,77,-1.214684996,0.7626515795,1.2240140404,High
Croatia,2012,Developed,77.1,-1.214684996,0.7932781475,1.1696941047,High
Croatia,2013,Developed,77.7,-0.545795225,0.8851578515,1.1843126739,High
Croatia,2014,Developed,77.8,-0.545795225,0.9464109874,1.1797231752,High
Croatia,2015,Developed,78,-0.561913051,1.0076641234,1.0923644958,High
Cuba,2000,Developing,76.9,-0.400734793,0.0276139478,0.2589076216,High
Cuba,2001,Developing,76.7,-0.400734793,0.0888670838,0.2778136959,High
Cuba,2002,Developing,77.7,-1.174390431,0.1501202197,0.3100173906,High
Cuba,2003,Developing,77.4,-1.182449344,0.2726264917,0.3471143816,High
Cuba,2004,Developing,77.3,-1.190508257,0.3645061957,-0.948867361,High
Cuba,2005,Developing,77.2,-1.174390431,0.6707718756,0.4447278028,High
Cuba,2006,Developing,78,-1.214684996,0.8239047155,0.5670554944,High
Cuba,2007,Developing,78.1,-1.214684996,1.2220500993,0.6275476598,HighCuba,2008,Developing,77.9,-1.230802821,1.5589423472,0.6485769463,High
Cuba,2009,Developing,78.1,-1.238861734,1.7427017552,0.6601157992,High
Cuba,2010,Developing,78,-0.537736312,1.7120751872,0.6799533943,High
Cuba,2011,Developing,78.8,-0.586089789,1.3751829393,-0.55092209,High
Cuba,2012,Developing,78.7,-0.553854138,1.1301703954,0.7517204819,High
Cuba,2013,Developing,78.7,-0.553854138,0.8239047155,-0.550726084,High
Cuba,2014,Developing,79,-0.578030877,0.6095187396,-1.818666474,High
Cuba,2015,Developing,79.1,-0.586089789,0.5788921716,-0.481389663,High
Cyprus,2000,Developed,78.1,-1.271097386,0.1501202197,1.2293088517,High
Cyprus,2001,Developed,78.2,-0.771444786,0.1194936518,-0.066060051,High
Cyprus,2002,Developed,78.4,-0.779503699,0.1501202197,1.2926989899,High
Cyprus,2003,Developed,78.5,-0.795621525,0.3032530597,0.1557757384,High
Cyprus,2004,Developed,78.6,-0.803680438,0.4257593316,1.5122993882,High
Cyprus,2005,Developed,78.7,-0.803680438,0.4563858996,1.5450010064,High
Cyprus,2006,Developed,78.8,-0.811739351,0.4257593316,1.585688823,High
Cyprus,2007,Developed,78.9,-0.819798264,0.4563858996,1.6691388358,High
Cyprus,2008,Developed,79.1,-0.827857176,0.5176390356,0.4068078117,High
Cyprus,2009,Developed,79.3,-1.279156299,0.6401453076,0.3512928373,High
Cyprus,2010,Developed,79.5,-0.852033915,0.7932781475,0.4506487299,High
Cyprus,2011,Developed,79.7,-0.868151741,0.5482656036,1.6845452568,High
Cyprus,2012,Developed,80,-0.876210654,0.5482656036,1.6224176079,High
Cyprus,2013,Developed,81,-0.89232848,0.5482656036,0.2707818731,High
Cyprus,2014,Developed,83,-0.900387393,0.6095187396,0.2575911244,High
Cyprus,2015,Developed,85,-0.908446305,0.7013984435,0.1760064872,High
Czechia,2000,Developed,74.7,-0.312086751,0.0888670838,0.0049108092,High
Czechia,2001,Developed,75.1,-0.33626349,0.0888670838,0.0049108092,High
Czechia,2002,Developed,75.3,-1.230802821,0.0888670838,0.0049108092,High
Czechia,2003,Developed,75.2,-0.344322402,0.0888670838,0.0049108092,High
Czechia,2004,Developed,75.8,-0.39267588,0.0888670838,0.0049108092,High
Czechia,2005,Developed,75.9,-0.408793706,0.0888670838,0.0049108092,High
Czechia,2006,Developed,76.5,-1.174390431,0.0888670838,0.0049108092,High
Czechia,2007,Developed,76.8,-1.190508257,0.0888670838,0.0049108092,High
Czechia,2008,Developed,77,-1.19856717,0.0888670838,0.0049108092,High
Czechia,2009,Developed,77.1,-1.230802821,0.0888670838,0.0049108092,High
Czechia,2010,Developed,77.5,-0.529677399,0.0888670838,0.0049108092,High
Czechia,2011,Developed,77.8,-0.545795225,0.0888670838,0.0049108092,High
Czechia,2012,Developed,78,-0.578030877,0.0888670838,0.0049108092,High
Czechia,2013,Developed,78.2,-1.25497956,0.0888670838,0.0049108092,High
Czechia,2014,Developed,78.6,-0.618325441,0.0888670838,0.0049108092,High
Czechia,2015,Developed,78.8,-0.634443267,0.0888670838,0.0049108092,High
Côte d'Ivoire,2000,Developing,47.9,2.3876490704,0.0888670838,0.0049108092,Low
Côte d'Ivoire,2001,Developing,47.8,2.4360025478,0.0888670838,0.0049108092,Low
Côte d'Ivoire,2002,Developing,47.7,2.4843560252,0.0888670838,0.0049108092,Low
Côte d'Ivoire,2003,Developing,48,2.4843560252,0.0888670838,0.0049108092,Low
Côte d'Ivoire,2004,Developing,48.2,2.4762971123,0.0888670838,0.0049108092,Low
Côte d'Ivoire,2005,Developing,48.7,2.4279436349,0.0888670838,0.0049108092,Low
Côte d'Ivoire,2006,Developing,49.4,2.3151188543,0.0888670838,0.0049108092,Low
Côte d'Ivoire,2007,Developing,49.9,2.2425886382,0.0888670838,0.0049108092,Low
Côte d'Ivoire,2008,Developing,54,2.1942351609,0.0888670838,0.0049108092,Low
Côte d'Ivoire,2009,Developing,51,2.105587119,0.0888670838,0.0049108092,Low
Côte d'Ivoire,2010,Developing,51.5,2.0330569029,0.0888670838,0.0049108092,Low
Côte d'Ivoire,2011,Developing,51.7,2.0491747287,0.0888670838,0.0049108092,Low
Côte d'Ivoire,2012,Developing,52,2.0169390771,0.0888670838,0.0049108092,Low
Côte d'Ivoire,2013,Developing,52.3,1.9927623384,0.0888670838,0.0049108092,Low
Côte d'Ivoire,2014,Developing,52.8,-0.94874087,0.0888670838,0.0049108092,Low
Côte d'Ivoire,2015,Developing,53.3,1.8718786449,0.0888670838,0.0049108092,Low
Democratic People's Republic of Korea,2000,Developing,65.4,0.2198015005,0.0888670838,0.0049108092,Low
Democratic People's Republic of Korea,2001,Developing,66.6,0.098917807,0.0888670838,0.0049108092,Low
Democratic People's Republic of Korea,2002,Developing,67.6,0.018328678,0.0888670838,0.0049108092,Low
Democratic People's Republic of Korea,2003,Developing,68.1,0.0022108522,0.0888670838,0.0049108092,Low
Democratic People's Republic of Korea,2004,Developing,68.4,0.0022108522,0.0888670838,0.0049108092,Low
Democratic People's Republic of Korea,2005,Developing,68.5,0.0022108522,0.0888670838,0.0049108092,Low
Democratic People's Republic of Korea,2006,Developing,68.5,0.0022108522,0.0888670838,0.0049108092,Low
Democratic People's Republic of Korea,2007,Developing,68.5,0.0102697651,0.0888670838,0.0049108092,Low
Democratic People's Republic of Korea,2008,Developing,68.6,-0.005848061,0.0888670838,0.0049108092,Low
Democratic People's Republic of Korea,2009,Developing,68.7,-0.030024799,0.0888670838,0.0049108092,Low
Democratic People's Republic of Korea,2010,Developing,69,-0.062260451,0.0888670838,0.0049108092,Low
Democratic People's Republic of Korea,2011,Developing,69.4,-0.094496103,0.0888670838,0.0049108092,Low
Democratic People's Republic of Korea,2012,Developing,69.8,-0.126731754,0.0888670838,0.0049108092,Low
Democratic People's Republic of Korea,2013,Developing,71,-0.150908493,0.0888670838,0.0049108092,High
Democratic People's Republic of Korea,2014,Developing,73,-0.183144144,0.0888670838,0.0049108092,High
Democratic People's Republic of Korea,2015,Developing,76,-0.207320883,0.0888670838,0.0049108092,High
Democratic Republic of the Congo,2000,Developing,51.3,1.460874087,0.0888670838,0.0049108092,Low
Democratic Republic of the Congo,2001,Developing,51.8,-1.053506738,0.0888670838,0.0049108092,Low
Democratic Republic of the Congo,2002,Developing,52.1,1.4205795225,0.0888670838,0.0049108092,Low
Democratic Republic of the Congo,2003,Developing,52.8,1.3480493064,0.0888670838,0.0049108092,Low
Democratic Republic of the Congo,2004,Developing,53.5,1.2755190903,0.0888670838,0.0049108092,Low
Democratic Republic of the Congo,2005,Developing,54.3,1.2029888742,0.0888670838,0.0049108092,Low
Democratic Republic of the Congo,2006,Developing,55,-1.037388912,0.0888670838,0.0049108092,Low
Democratic Republic of the Congo,2007,Developing,55.7,1.0821051807,0.0888670838,0.0049108092,Low
Democratic Republic of the Congo,2008,Developing,56.3,1.0498695291,0.0888670838,0.0049108092,Low
Democratic Republic of the Congo,2009,Developing,56.7,1.0256927904,0.0888670838,0.0049108092,Low
Democratic Republic of the Congo,2010,Developing,57.4,0.9531625743,0.0888670838,0.0049108092,Low
Democratic Republic of the Congo,2011,Developing,57.9,0.9128680098,0.0888670838,0.0049108092,Low
Democratic Republic of the Congo,2012,Developing,58.3,0.9048090969,0.0888670838,0.0049108092,Low
Democratic Republic of the Congo,2013,Developing,58.8,0.8645145324,0.0888670838,0.0049108092,Low
Democratic Republic of the Congo,2014,Developing,59.3,0.8161610551,0.0888670838,0.0049108092,Low
Democratic Republic of the Congo,2015,Developing,59.8,0.7516897519,0.0888670838,0.0049108092,Low
Denmark,2000,Developed,76.9,-1.230802821,1.3751829393,0.4391891327,High
Denmark,2001,Developed,77,-1.230802821,1.2833032353,0.4404378499,High
Denmark,2002,Developed,77,-1.214684996,1.4058095073,1.7021278661,High
Denmark,2003,Developed,77.3,-1.238861734,1.3139298033,0.5403210698,High
Denmark,2004,Developed,77.7,-0.537736312,1.3751829393,1.8966487343,High
Denmark,2005,Developed,78.1,-0.586089789,1.4058095073,1.9244274177,High
Denmark,2006,Developed,78.1,-0.578030877,1.4976892112,0.6322699287,High
Denmark,2007,Developed,78.4,-0.578030877,1.4364360753,2.0291733784,High
Denmark,2008,Developed,78.8,-0.618325441,1.4670626433,2.0841823398,High
Denmark,2009,Developed,78.9,-0.634443267,1.4670626433,2.0259585846,High
Denmark,2010,Developed,79.2,-0.650561093,1.4670626433,0.6965548679,High
Denmark,2011,Developed,79.7,-0.690855657,1.4976892112,2.0606061234,High
Denmark,2012,Developed,80,-0.715032396,1.9570877311,0.6981479099,High
Denmark,2013,Developed,81,-0.723091309,2.048967435,2.055313403,High
Denmark,2014,Developed,84,-0.739209135,2.202100275,2.0668654208,High
Denmark,2015,Developed,86,-0.75532696,2.202100275,0.6418892099,High
Djibouti,2000,Developing,57.4,1.2916369161,-2.790030307,-0.476918041,Low
Djibouti,2001,Developing,57.7,1.2755190903,-2.790030307,-0.467169947,Low
Djibouti,2002,Developing,57.9,1.2674601774,-2.667524035,-0.459139248,Low
Djibouti,2003,Developing,58,1.2916369161,-2.606270899,-0.439173564,Low
Djibouti,2004,Developing,58.1,1.299695829,-2.545017763,-0.40879783,Low
Djibouti,2005,Developing,58.6,1.2352245258,-2.453138059,-1.687574957,Low
Djibouti,2006,Developing,59.1,-1.013212173,-2.361258355,-0.344571466,Low
Djibouti,2007,Developing,59.8,1.057928442,-2.300005219,-1.431103809,Low
Djibouti,2008,Developing,62,1.0015160517,-2.146872379,-0.211827017,Low
Djibouti,2009,Developing,69,0.9209269227,-2.054992675,-0.193600865,Low
Djibouti,2010,Developing,61.3,0.8725734453,-1.993739539,-0.161150975,Low
Djibouti,2011,Developing,61.8,0.8322788809,-1.871233268,-1.445388123,Low
Djibouti,2012,Developing,62.2,0.7919843164,-1.748726996,-0.07605243,Low
Djibouti,2013,Developing,62.7,0.7355719261,-1.748726996,-0.044371931,Low
Djibouti,2014,Developing,63,0.7033362745,-1.748726996,-1.33283739,Low
Djibouti,2015,Developing,63.5,0.6146882326,-1.748726996,0.035271332,Low
Dominica,2013,Developing,72.1,-0.167026319,0.2113733557,-0.512172006,High
Dominican Republic,2000,Developing,72,0.0908588941,0.0582405158,-1.055704367,High
Dominican Republic,2001,Developing,71.2,0.1875658489,0.0888670838,0.2839016566,High
Dominican Republic,2002,Developing,71.4,0.1956247618,0.0888670838,-2.20889355,High
Dominican Republic,2003,Developing,73,-1.150213692,0.1194936518,0.1754012496,High
Dominican Republic,2004,Developing,69.3,0.3970975843,0.1501202197,0.1873060736,Low
Dominican Republic,2005,Developing,69.7,-1.101860215,0.1807467877,0.4295353301,Low
Dominican Republic,2006,Developing,72.3,0.1069767199,0.1807467877,0.4533697487,High
Dominican Republic,2007,Developing,72.9,-0.005848061,0.2113733557,0.5642768721,High
Dominican Republic,2008,Developing,73.3,-0.030024799,0.2419999237,-0.712287415,High
Dominican Republic,2009,Developing,73.6,-0.062260451,0.2726264917,0.6010878213,High
Dominican Republic,2010,Developing,72.7,0.0102697651,0.2726264917,0.6566137312,High
Dominican Republic,2011,Developing,73.1,-1.19856717,0.3032530597,0.688400734,High
Dominican Republic,2012,Developing,72.1,0.0747410683,0.3338796277,0.7090411387,High
Dominican Republic,2013,Developing,73.4,-0.062260451,0.3645061957,-0.593870303,High
Dominican Republic,2014,Developing,73.6,-0.08643719,0.3645061957,0.7373895808,High
Dominican Republic,2015,Developing,73.9,-0.102555015,0.3645061957,0.7555362709,High
Ecuador,2000,Developing,72.8,-0.013906974,0.1194936518,-0.10892226,High
Ecuador,2001,Developing,73.4,-0.054201538,0.1194936518,-1.27370736,High
Ecuador,2002,Developing,73.6,-0.062260451,0.1501202197,0.1274747255,High
Ecuador,2003,Developing,74.4,-0.110613928,0.1807467877,-1.139184936,High
Ecuador,2004,Developing,74.4,-0.134790667,0.2113733557,-1.063677663,High
Ecuador,2005,Developing,74.2,-0.110613928,0.2419999237,-0.979951012,High
Ecuador,2006,Developing,74.4,-0.167026319,0.2419999237,-0.955597474,High
Ecuador,2007,Developing,74.7,-1.214684996,0.2726264917,-0.915773983,High
Ecuador,2008,Developing,74.6,-0.207320883,0.3032530597,0.5159682301,High
Ecuador,2009,Developing,75.1,-0.223438709,0.3338796277,0.5133390632,High
Ecuador,2010,Developing,75,-0.247615448,0.3338796277,0.5655214418,High
Ecuador,2011,Developing,75.3,-0.271792186,0.3645061957,0.6318668266,High
Ecuador,2012,Developing,75.5,-0.304027838,0.3951327637,-0.647342349,High
Ecuador,2013,Developing,76,-0.352381315,0.4257593316,-0.551728322,High
Ecuador,2014,Developing,76,-0.352381315,0.6095187396,0.7522850905,High
Ecuador,2015,Developing,76.2,-0.376558054,0.6095187396,-0.595654933,High
Egypt,2000,Developing,68.8,0.0505643296,-0.3092783,0.0049108092,Low
Egypt,2001,Developing,68.6,0.098917807,-0.278651732,0.0049108092,Low
Egypt,2002,Developing,68.7,0.098917807,-0.248025164,0.0049108092,Low
Egypt,2003,Developing,68.6,0.1069767199,-0.217398596,0.0049108092,Low
Egypt,2004,Developing,69,0.0908588941,-0.248025164,0.0049108092,Low
Egypt,2005,Developing,69.4,0.0747410683,-0.186772028,0.0049108092,Low
Egypt,2006,Developing,69.5,0.0827999812,-0.15614546,0.0049108092,Low
Egypt,2007,Developing,69.7,0.0505643296,-0.094892324,0.0049108092,Low
Egypt,2008,Developing,69.8,0.0586232425,-0.033639188,0.0049108092,Low
Egypt,2009,Developing,69.9,0.0747410683,-0.00301262,0.0049108092,Low
Egypt,2010,Developing,70,0.0666821554,0.0582405158,0.0049108092,High
Egypt,2011,Developing,74,0.0263875909,0.1194936518,0.0049108092,High
Egypt,2012,Developing,72,0.0022108522,0.1194936518,0.0049108092,High
Egypt,2013,Developing,79,-0.046142625,0.2419999237,0.0049108092,High
Egypt,2014,Developing,78,-0.030024799,0.3338796277,0.0049108092,High
Egypt,2015,Developing,79,-0.046142625,0.3338796277,0.0049108092,High
El Salvador,2000,Developing,69,0.4293332359,-0.217398596,0.1417178753,Low
El Salvador,2001,Developing,68.9,0.4373921488,-0.125518892,0.1670877461,Low
El Salvador,2002,Developing,73,-1.134095867,-0.064265756,-1.129928701,High
El Salvador,2003,Developing,69.9,-1.093801302,-0.00301262,0.2101975831,Low
El Salvador,2004,Developing,70,0.4051564972,0.1194936518,0.2355867801,High
El Salvador,2005,Developing,71,0.3890386714,0.2113733557,0.278444918,High
El Salvador,2006,Developing,75,0.3729208456,0.2726264917,-0.910598636,High
El Salvador,2007,Developing,71.2,-1.14215478,0.2726264917,-0.957233471,High
El Salvador,2008,Developing,71.7,0.2359193263,0.4257593316,-0.91959951,High
El Salvador,2009,Developing,71.4,-1.14215478,0.2419999237,0.3777777052,High
El Salvador,2010,Developing,72,0.2117425876,0.2726264917,0.396028043,High
El Salvador,2011,Developing,72,0.260096065,0.3032530597,0.4381108479,High
El Salvador,2012,Developing,73,0.1311534586,0.3645061957,0.4520591831,High
El Salvador,2013,Developing,73,0.1553301973,0.3645061957,0.4622266748,High
El Salvador,2014,Developing,73.3,0.1311534586,0.3645061957,0.4758887668,High
El Salvador,2015,Developing,73.5,0.1069767199,0.3645061957,0.4956109834,High
Equatorial Guinea,2000,Developing,52.7,1.380284958,-3.678200779,-1.340259947,Low
Equatorial Guinea,2001,Developing,53.1,1.3641671322,-1.22807534,0.1533495845,Low
Equatorial Guinea,2002,Developing,53.5,1.3641671322,-1.166822204,0.2525539739,Low
Equatorial Guinea,2003,Developing,53.8,1.3641671322,-1.105569068,0.41289175,Low
Equatorial Guinea,2004,Developing,54.1,1.380284958,-1.0749425,-0.542912532,Low
Equatorial Guinea,2005,Developing,54.4,1.3883438709,-1.013689364,-1.298436397,Low
Equatorial Guinea,2006,Developing,54.8,1.3883438709,-0.92180966,1.1472517365,Low
Equatorial Guinea,2007,Developing,55,1.4044616967,-0.92180966,1.2707193256,Low
Equatorial Guinea,2008,Developing,55.4,1.3964027838,-0.891183092,1.4827953439,Low
Equatorial Guinea,2009,Developing,55.7,-1.053506738,-0.891183092,-0.033545807,Low
Equatorial Guinea,2010,Developing,56.1,1.4044616967,-0.860556524,1.3190854896,Low
Equatorial Guinea,2011,Developing,56.2,1.4447562612,-0.860556524,1.4490046145,Low
Equatorial Guinea,2012,Developing,56.7,1.3883438709,-0.860556524,1.4518495231,Low
Equatorial Guinea,2013,Developing,57.4,1.3077547419,-0.860556524,0.1439313829,Low
Equatorial Guinea,2014,Developing,57.9,-1.069624563,-0.860556524,-1.277133727,Low
Equatorial Guinea,2015,Developing,58.2,-1.069624563,-0.860556524,-0.15192663,Low
Eritrea,2000,Developing,45.3,3.4514255732,-2.483764627,-2.38852916,Low
Eritrea,2001,Developing,58.1,1.4528151741,-2.361258355,-1.213110557,Low
Eritrea,2002,Developing,58.5,1.4366973483,-2.330631787,-2.538190835,Low
Eritrea,2003,Developing,58.8,1.4366973483,-2.238752083,-1.167488935,Low
Eritrea,2004,Developing,59.1,1.4286384354,-2.146872379,-1.045557424,Low
Eritrea,2005,Developing,59.4,-1.053506738,-2.024366107,-1.067425313,Low
Eritrea,2006,Developing,59.7,1.380284958,-2.054992675,-1.02498496,Low
Eritrea,2007,Developing,62,1.3238725677,-2.054992675,-0.988299341,Low
Eritrea,2008,Developing,67,1.2674601774,-2.085619243,-0.971243433,Low
Eritrea,2009,Developing,61.4,1.1788121355,-2.085619243,-2.134377235,Low
Eritrea,2010,Developing,62.1,1.0740462678,-2.116245811,-0.746332041,Low
Eritrea,2011,Developing,62.9,0.977339313,-2.146872379,-0.636691706,Low
Eritrea,2012,Developing,63.6,0.8806323582,-2.146872379,0.0049108092,Low
Eritrea,2013,Developing,64,0.8161610551,-2.146872379,0.0049108092,Low
Eritrea,2014,Developing,64.4,0.7758664906,-2.146872379,0.0049108092,Low
Eritrea,2015,Developing,64.7,0.7275130132,-2.146872379,0.0049108092,Low
Estonia,2000,Developing,78,0.4293332359,0.7320250115,-2.088961821,High
Estonia,2001,Developing,78,0.4857456262,0.9157844195,0.5455103564,High
Estonia,2002,Developing,71.2,0.3729208456,1.0382906914,-0.682559938,High
Estonia,2003,Developing,71.9,0.2762138908,1.0995438274,0.8154369026,High
Estonia,2004,Developing,72.3,0.2439782392,1.1301703954,-0.394726557,High
Estonia,2005,Developing,72.8,0.1956247618,1.1914235314,-0.155803229,High
Estonia,2006,Developing,73,0.1875658489,1.2526766673,1.1410004876,High
Estonia,2007,Developing,73,0.1956247618,1.2526766673,1.3002162289,High
Estonia,2008,Developing,74.2,0.018328678,1.2526766673,0.0452432631,High
Estonia,2009,Developing,74.9,-0.070319364,1.2526766673,1.231411564,High
Estonia,2010,Developing,75.6,-0.223438709,1.2833032353,1.2279576879,High
Estonia,2011,Developing,76.1,-0.215379796,1.3445563713,1.3297342499,High
Estonia,2012,Developing,76.3,-0.239556535,1.3751829393,1.328641252,High
Estonia,2013,Developing,76.9,-0.304027838,1.3751829393,0.0558995481,High
Estonia,2014,Developing,77.3,-0.344322402,1.3751829393,1.4067721149,High
Estonia,2015,Developing,77.6,-0.368499141,1.3751829393,0.0075177769,High
Ethiopia,2000,Developing,51.2,1.8235251675,-2.483764627,-1.532407204,Low
Ethiopia,2001,Developing,52.5,1.6704058224,-2.361258355,-2.874128004,Low
Ethiopia,2002,Developing,53.2,1.6462290837,-2.177498947,-1.594001188,Low
Ethiopia,2003,Developing,54,1.5978756063,-2.085619243,-1.556252372,Low
Ethiopia,2004,Developing,55,1.5253453902,-2.024366107,-1.479409344,Low
Ethiopia,2005,Developing,56,1.4366973483,-1.901859835,-1.378540522,Low
Ethiopia,2006,Developing,57.2,1.3158136548,-1.656847292,-1.273547996,Low
Ethiopia,2007,Developing,58.5,-1.013212173,-1.503714452,-1.141893708,Low
Ethiopia,2008,Developing,59.8,1.0015160517,-1.350581612,-0.973803143,Low
Ethiopia,2009,Developing,68,0.8806323582,-1.197448772,-0.884418342,Low
Ethiopia,2010,Developing,61.8,0.7758664906,-1.197448772,-0.946007673,Low
Ethiopia,2011,Developing,62.6,0.6791595358,-1.166822204,-0.923662598,Low
Ethiopia,2012,Developing,63.3,0.6146882326,-1.105569068,-0.76286108,Low
Ethiopia,2013,Developing,63.7,0.582452581,-1.105569068,-2.032804471,Low
Ethiopia,2014,Developing,64.2,0.5582758423,-1.105569068,-0.648334838,Low
Ethiopia,2015,Developing,64.8,0.4857456262,-1.105569068,-0.577594885,Low
Fiji,2000,Developing,67.7,0.4535099746,0.3338796277,-1.068733392,Low
Fiji,2001,Developing,67.8,0.4535099746,0.3645061957,-1.152534027,Low
Fiji,2002,Developing,67.9,-1.150213692,0.3951327637,0.1471567101,Low
Fiji,2003,Developing,68,-1.150213692,0.3951327637,0.2785862275,Low
Fiji,2004,Developing,68.1,0.4293332359,0.4257593316,0.37198182,Low
Fiji,2005,Developing,68.3,0.3970975843,0.5788921716,0.4259165243,Low
Fiji,2006,Developing,68.5,0.3729208456,0.6095187396,0.4401741944,Low
Fiji,2007,Developing,68.6,-1.093801302,0.6707718756,-0.750336868,Low
Fiji,2008,Developing,68.7,-1.117978041,0.7013984435,0.5026513714,Low
Fiji,2009,Developing,68.9,-1.14215478,0.7626515795,0.3782929977,Low
Fiji,2010,Developing,69.1,-1.31139195,0.7932781475,0.4248607862,Low
Fiji,2011,Developing,69.2,0.260096065,0.8239047155,0.5264495192,Low
Fiji,2012,Developing,69.4,0.2439782392,0.8851578515,0.5516212301,Low
Fiji,2013,Developing,69.6,0.2198015005,0.9157844195,0.578583362,Low
Fiji,2014,Developing,69.7,-1.174390431,0.9770375554,-0.674001004,Low
Fiji,2015,Developing,69.9,0.1875658489,1.0076641234,0.5974815971,Low
Finland,2000,Developing,77.5,-1.206626083,1.6201954832,1.5200005377,High
Finland,2001,Developing,78,-1.319450863,1.7427017552,1.5355307692,High
Finland,2002,Developing,78.1,-0.537736312,1.8345814591,1.5784967944,High
Finland,2003,Developing,78.4,-0.537736312,1.8652080271,1.6949018403,High
Finland,2004,Developing,78.7,-1.230802821,1.9264611631,1.7741719305,High
Finland,2005,Developing,78.9,-1.238861734,1.5589423472,1.7943053871,High
Finland,2006,Developing,79.2,-0.553854138,1.5895689152,0.4935834309,High
Finland,2007,Developing,79.3,-0.553854138,1.5895689152,1.9183352118,High
Finland,2008,Developing,79.6,-0.569971964,1.5589423472,0.6447847295,High
Finland,2009,Developing,79.7,-0.594148702,1.5283157792,0.5729051844,High
Finland,2010,Developing,79.9,-0.610266528,1.4670626433,0.5611695266,High
Finland,2011,Developing,83,-0.634443267,1.4976892112,-0.639728311,High
Finland,2012,Developing,84,-0.666678918,1.5283157792,1.9077822612,High
Finland,2013,Developing,87,-0.690855657,1.5283157792,1.9342871132,High
Finland,2014,Developing,89,-0.69891457,1.5283157792,1.9374926253,High
Finland,2015,Developing,81.1,-0.715032396,1.5283157792,0.5119552971,High
France,2000,Developing,78.8,-1.222743908,1.1301703954,1.4757135219,High
France,2001,Developing,79,-1.222743908,1.0995438274,1.4772993453,High
France,2002,Developing,79.2,-1.238861734,1.0689172594,1.5205247176,High
France,2003,Developing,79.3,-0.529677399,1.0382906914,1.6370172542,High
France,2004,Developing,82,-0.569971964,1.0689172594,1.7132661456,High
France,2005,Developing,81,-0.578030877,1.0689172594,1.730177275,High
France,2006,Developing,86,-0.586089789,1.2526766673,1.7571480621,High
France,2007,Developing,89,-0.610266528,1.2526766673,-0.83088001,High
France,2008,Developing,89,-0.618325441,1.2526766673,1.8828300411,High
France,2009,Developing,81.1,-0.618325441,1.2220500993,1.8325267662,High
France,2010,Developing,81.3,-0.634443267,1.2220500993,-0.756995642,High
France,2011,Developing,81.7,-0.658620006,1.2526766673,0.5301801827,High
France,2012,Developing,81.5,-0.658620006,1.2526766673,0.5875661141,High
France,2013,Developing,82,-0.674737831,1.2833032353,1.8452109476,High
France,2014,Developing,82.2,-0.690855657,1.2833032353,1.8506377971,High
France,2015,Developing,82.4,-0.69891457,1.3139298033,1.7568660273,High
Gabon,2000,Developing,61,1.057928442,0.0582405158,0.4941162947,Low
Gabon,2001,Developing,59.8,-1.029329999,0.0888670838,0.4740553336,Low
Gabon,2002,Developing,59.7,1.2110477871,0.0888670838,-0.83650474,Low
Gabon,2003,Developing,59.7,-1.069624563,0.0888670838,0.5939711326,Low
Gabon,2004,Developing,59.7,1.2674601774,0.0888670838,0.6809142134,Low
Gabon,2005,Developing,65,-1.029329999,0.1194936518,0.7794325386,Low
Gabon,2006,Developing,61.4,0.9934571388,0.1194936518,-0.508167755,Low
Gabon,2007,Developing,61.6,1.0176338775,0.1194936518,0.9034180449,Low
Gabon,2008,Developing,61.6,1.0740462678,0.1194936518,-1.272118137,Low
Gabon,2009,Developing,61.7,-1.077683476,0.1194936518,-0.480327496,Low
Gabon,2010,Developing,62.3,1.0418106162,0.1501202197,0.9305609463,Low
Gabon,2011,Developing,62.8,1.0015160517,0.1501202197,-0.011936625,Low
Gabon,2012,Developing,63.5,0.896750184,0.1501202197,0.9943162781,Low
Gabon,2013,Developing,64.6,0.7275130132,0.1501202197,0.988700275,Low
Gabon,2014,Developing,65.5,0.582452581,0.1807467877,0.9894420353,Low
Gabon,2015,Developing,66,0.5179812778,0.1807467877,0.8324971034,Low
Gambia,2000,Developing,55.9,-1.061565651,-1.68747386,0.0049108092,Low
Gambia,2001,Developing,56.3,-1.303333037,-1.595594156,0.0049108092,Low
Gambia,2002,Developing,56.6,1.0740462678,-1.53434102,0.0049108092,Low
Gambia,2003,Developing,57,1.0659873549,-1.442461316,0.0049108092,Low
Gambia,2004,Developing,57.3,1.057928442,-1.350581612,0.0049108092,Low
Gambia,2005,Developing,57.7,1.0418106162,-1.289328476,0.0049108092,Low
Gambia,2006,Developing,58.2,0.9934571388,-1.197448772,0.0049108092,Low
Gambia,2007,Developing,58.5,0.9934571388,-1.105569068,0.0049108092,Low
Gambia,2008,Developing,58.7,0.9853982259,-1.044315932,0.0049108092,Low
Gambia,2009,Developing,59,0.977339313,-0.952436228,0.0049108092,Low
Gambia,2010,Developing,59.3,0.9612214872,-0.983062796,0.0049108092,Low
Gambia,2011,Developing,59.8,0.9048090969,-1.013689364,0.0049108092,Low
Gambia,2012,Developing,62,0.8403377938,-0.983062796,0.0049108092,Low
Gambia,2013,Developing,66,0.8161610551,-0.952436228,0.0049108092,Low
Gambia,2014,Developing,68,0.8161610551,-0.952436228,0.0049108092,Low
Gambia,2015,Developing,61.1,0.7839254035,-0.952436228,0.0049108092,Low
Georgia,2000,Developing,71.8,-0.287910012,-0.186772028,-0.537328048,High
Georgia,2001,Developing,73,-0.352381315,-0.094892324,-0.503263423,High
Georgia,2002,Developing,71.7,-0.183144144,-0.064265756,-0.468539572,High
Georgia,2003,Developing,72.7,-0.263733273,-0.064265756,-0.367473617,High
Georgia,2004,Developing,72.3,-0.247615448,-0.00301262,-1.516331761,High
Georgia,2005,Developing,73.9,-0.295968925,0.0582405158,-1.408097601,High
Georgia,2006,Developing,73.9,-0.312086751,0.1807467877,0.0385289379,High
Georgia,2007,Developing,74.4,-1.230802821,0.1501202197,0.2038247436,High
Georgia,2008,Developing,73.9,-0.295968925,0.3338796277,0.3438949576,High
Georgia,2009,Developing,73.2,-0.255674361,0.2419999237,-1.067781663,High
Georgia,2010,Developing,73.8,-0.263733273,0.3951327637,0.3042196946,High
Georgia,2011,Developing,73.9,-0.304027838,0.3951327637,0.4364125062,High
Georgia,2012,Developing,74.2,-1.222743908,0.4257593316,0.4978144127,High
Georgia,2013,Developing,74.5,-0.295968925,0.4563858996,0.5158903156,High
Georgia,2014,Developing,74.5,-0.320145664,0.4563858996,0.536531108,High
Georgia,2015,Developing,74.4,-0.287910012,0.5788921716,0.442438688,High
Germany,2000,Developed,78,-0.561913051,1.2833032353,1.5071101048,High
Germany,2001,Developed,78.3,-0.586089789,1.2833032353,1.5063431116,High
Germany,2002,Developed,78.4,-0.594148702,1.3139298033,0.2114420859,High
Germany,2003,Developed,78.5,-1.25497956,1.3139298033,0.3766546248,High
Germany,2004,Developed,79.1,-0.634443267,1.3445563713,1.7182171881,High
Germany,2005,Developed,79.2,-0.64250218,1.3445563713,1.727132856,High
Germany,2006,Developed,79.6,-0.650561093,1.3751829393,1.7556152441,High
Germany,2007,Developed,79.8,-0.666678918,1.4058095073,1.8350733563,High
Germany,2008,Developed,79.9,-1.263038473,1.4058095073,1.886455593,High
Germany,2009,Developed,80,-0.690855657,1.4364360753,1.8339372726,High
Germany,2010,Developed,81,-0.715032396,1.4364360753,1.8346684242,High
Germany,2011,Developed,85,-0.731150222,1.4670626433,0.5684950948,High
Germany,2012,Developed,86,-0.75532696,1.4976892112,0.5411601347,High
Germany,2013,Developed,86,-0.75532696,1.4976892112,0.5650974981,High
Germany,2014,Developed,89,-0.771444786,1.5283157792,0.5820896011,High
Germany,2015,Developed,81,-0.779503699,1.5589423472,1.8261806163,High
Ghana,2000,Developing,57.2,-1.021271086,-1.319955044,-1.096674026,Low
Ghana,2001,Developing,57.4,-1.013212173,-1.22807534,-1.073939462,Low
Ghana,2002,Developing,57.6,-1.077683476,-1.350581612,-2.193774167,Low
Ghana,2003,Developing,57.9,-1.021271086,-1.258701908,-0.894366043,Low
Ghana,2004,Developing,58.3,-1.053506738,-1.319955044,-0.821774423,Low
Ghana,2005,Developing,58.9,1.057928442,-1.197448772,-0.72742244,Low
Ghana,2006,Developing,59.4,0.9934571388,-1.013689364,-0.370752835,Low
Ghana,2007,Developing,59.9,-1.101860215,-0.891183092,-2.596342779,Low
Ghana,2008,Developing,63,0.8886912711,-0.676797116,-0.207252827,Low
Ghana,2009,Developing,66,0.8564556195,-0.493037708,-1.294919671,Low
Ghana,2010,Developing,69,0.824219968,-0.46241114,-0.166991615,Low
Ghana,2011,Developing,61.2,0.7919843164,-0.339904868,-0.061615898,Low
Ghana,2012,Developing,61.6,0.743630839,-0.248025164,-0.04181657,Low
Ghana,2013,Developing,61.9,0.7194541003,-0.15614546,0.0202694766,Low
Ghana,2014,Developing,62.1,0.7113951874,-0.094892324,-0.116573161,Low
Ghana,2015,Developing,62.4,0.6791595358,-0.186772028,-0.146031509,Low
Greece,2000,Developing,78.2,-0.650561093,0.5788921716,-0.198560723,High
Greece,2001,Developing,78.7,-0.658620006,0.6707718756,1.138365906,High
Greece,2002,Developing,79,-0.674737831,0.7932781475,-0.125082199,High
Greece,2003,Developing,79.1,-0.674737831,0.9770375554,1.3626707543,High
Greece,2004,Developing,79.2,-0.674737831,1.0076641234,1.4624179798,High
Greece,2005,Developing,79.3,-0.674737831,1.0995438274,1.4779259862,High
Greece,2006,Developing,79.7,-0.706973483,1.3139298033,0.2012727134,High
Greece,2007,Developing,79.4,-1.263038473,1.3445563713,1.6199382389,High
Greece,2008,Developing,79.9,-0.706973483,1.1914235314,1.6802846014,High
Greece,2009,Developing,80,-0.69891457,1.2833032353,0.3056804141,High
Greece,2010,Developing,83,-0.715032396,1.3445563713,1.5802938325,High
Greece,2011,Developing,85,-0.715032396,1.4364360753,1.5583628732,High
Greece,2012,Developing,84,-0.715032396,1.4670626433,1.4699441896,High
Greece,2013,Developing,86,-0.731150222,1.5589423472,1.4602977255,High
Greece,2014,Developing,88,-0.739209135,1.5895689152,1.4549571242,High
Greece,2015,Developing,81,-0.747268047,1.5895689152,-1.291755257,High
Grenada,2000,Developing,74,0.1392123715,0.6401453076,0.6200345691,High
Grenada,2001,Developing,77,0.1069767199,0.7013984435,-0.702663614,High
Grenada,2002,Developing,79,0.0908588941,0.7320250115,0.6394448055,High
Grenada,2003,Developing,71.1,0.0666821554,0.7932781475,0.6898143244,High
Grenada,2004,Developing,73,0.179506936,0.8545312835,0.6960363902,High
Grenada,2005,Developing,71.5,0.0344465038,0.8851578515,0.7805656307,High
Grenada,2006,Developing,71.7,0.018328678,0.9464109874,0.7814393611,High
Grenada,2007,Developing,71.9,-0.005848061,1.0076641234,0.8272766041,High
Grenada,2008,Developing,72.1,-0.021965886,1.0382906914,0.8746054745,High
Grenada,2009,Developing,72.4,-0.054201538,1.0995438274,0.8330367795,High
Grenada,2010,Developing,72.6,-0.08643719,1.1607969634,0.8306688488,High
Grenada,2011,Developing,72.9,-1.206626083,1.1607969634,-0.497374797,High
Grenada,2012,Developing,73.1,-0.150908493,1.1607969634,0.8475035957,High
Grenada,2013,Developing,73.3,-0.167026319,1.1607969634,0.8752363124,High
Grenada,2014,Developing,73.5,-0.175085232,1.1607969634,0.9182507331,High
Grenada,2015,Developing,73.6,-0.183144144,1.1607969634,0.9600635065,High
Guatemala,2000,Developing,67.7,0.4535099746,-1.166822204,-0.032740776,Low
Guatemala,2001,Developing,68.4,0.3729208456,-1.0749425,-0.064045813,Low
Guatemala,2002,Developing,69.3,-1.158272605,-0.983062796,-1.3433277,Low
Guatemala,2003,Developing,69.4,-1.134095867,-0.92180966,0.0004420659,Low
Guatemala,2004,Developing,69.6,-1.158272605,-0.829929956,0.0385455153,Low
Guatemala,2005,Developing,69.2,-1.101860215,-0.738050252,-1.065182012,Low
Guatemala,2006,Developing,69.7,-1.134095867,-0.676797116,0.1463905961,Low
Guatemala,2007,Developing,75,0.2198015005,-0.584917412,0.2033201741,High
Guatemala,2008,Developing,79,-1.174390431,-0.493037708,0.2700070401,High
Guatemala,2009,Developing,76,0.2681549779,-0.493037708,0.2362354305,High
Guatemala,2010,Developing,77,0.2520371521,-0.46241114,0.276451027,High
Guatemala,2011,Developing,71.1,0.2278604134,-0.46241114,0.3462397149,High
Guatemala,2012,Developing,71.3,0.1956247618,-0.431784572,0.3661792436,High
Guatemala,2013,Developing,71.4,0.1956247618,-0.401158004,0.3924268585,High
Guatemala,2014,Developing,71.7,0.179506936,-0.401158004,0.4305030491,High
Guatemala,2015,Developing,71.9,0.1714480231,-0.401158004,0.4663558468,High
Guinea,2000,Developing,52.5,1.3158136548,-2.208125515,-2.271549158,Low
Guinea,2001,Developing,52.5,1.380284958,-2.116245811,-0.991021009,Low
Guinea,2002,Developing,52.9,1.3883438709,-1.993739539,-0.978392458,Low
Guinea,2003,Developing,53.3,1.3964027838,-1.871233268,-2.228354173,Low
Guinea,2004,Developing,54,1.3641671322,-2.116245811,-0.874493421,Low
Guinea,2005,Developing,54.7,1.3077547419,-1.656847292,-2.290151861,Low
Guinea,2006,Developing,55.6,1.2271656129,-1.503714452,-1.027212578,Low
Guinea,2007,Developing,56.4,-1.037388912,-1.350581612,-2.063515793,Low
Guinea,2008,Developing,56.8,-1.061565651,-1.258701908,-0.802613765,Low
Guinea,2009,Developing,57.3,1.0659873549,-1.197448772,-0.803615834,Low
Guinea,2010,Developing,57.8,1.0176338775,-1.136195636,-0.800891251,Low
Guinea,2011,Developing,58.1,-1.093801302,-1.105569068,-0.774426977,Low
Guinea,2012,Developing,58.4,0.9934571388,-1.0749425,-2.030646032,Low
Guinea,2013,Developing,58.8,0.9612214872,-1.0749425,-2.010869239,Low
Guinea,2014,Developing,58.1,1.0821051807,-1.044315932,-0.657691677,Low
Guinea,2015,Developing,59,0.9612214872,-0.983062796,-0.665473141,Low
Guinea-Bissau,2000,Developing,52.1,-1.303333037,-1.718100428,-1.025133834,Low
Guinea-Bissau,2001,Developing,52.5,-1.069624563,-1.626220724,-2.193740825,Low
Guinea-Bissau,2002,Developing,52.8,-1.045447825,-1.503714452,-0.980780285,Low
Guinea-Bissau,2003,Developing,53,-1.021271086,-1.411834748,-2.238098645,Low
Guinea-Bissau,2004,Developing,53.5,-1.021271086,-1.319955044,-0.864128505,Low
Guinea-Bissau,2005,Developing,53.9,-1.029329999,-1.22807534,-0.819374037,Low
Guinea-Bissau,2006,Developing,54.4,-1.037388912,-1.136195636,-0.827611571,Low
Guinea-Bissau,2007,Developing,55,-1.069624563,-0.983062796,-0.746878118,Low
Guinea-Bissau,2008,Developing,55.6,1.0659873549,-0.983062796,-0.635928909,Low
Guinea-Bissau,2009,Developing,56.3,0.9934571388,-0.952436228,-0.676281677,Low
Guinea-Bissau,2010,Developing,56.7,0.9853982259,-0.952436228,-0.676563788,Low
Guinea-Bissau,2011,Developing,57.1,1.0015160517,-0.92180966,-0.536741401,Low
Guinea-Bissau,2012,Developing,57.6,0.9692804001,-0.891183092,-1.881451944,Low
Guinea-Bissau,2013,Developing,58.1,0.9209269227,-0.891183092,-1.936829361,Low
Guinea-Bissau,2014,Developing,58.4,0.9451036614,-0.860556524,-0.580143904,Low
Guinea-Bissau,2015,Developing,58.9,0.8886912711,-0.860556524,-0.62286707,Low
Guyana,2000,Developing,65.4,0.6549827971,-0.339904868,-0.356108651,Low
Guyana,2001,Developing,65.4,0.66304171,-0.339904868,-0.369096011,Low
Guyana,2002,Developing,65.3,0.6388649713,-0.3092783,-1.674666749,Low
Guyana,2003,Developing,65.3,0.582452581,-0.278651732,-0.332053219,Low
Guyana,2004,Developing,65.1,0.582452581,-0.248025164,-1.438989146,Low
Guyana,2005,Developing,65,0.5905114939,-0.186772028,-1.259802798,Low
Guyana,2006,Developing,65.2,-1.134095867,-0.094892324,0.0606354774,Low
Guyana,2007,Developing,65.7,0.5421580165,-0.248025164,0.1643138001,Low
Guyana,2008,Developing,66.3,0.4293332359,-0.401158004,0.2229992634,Low
Guyana,2009,Developing,66.1,0.4293332359,-0.46241114,0.253658385,Low
Guyana,2010,Developing,65.9,0.4535099746,-0.554290844,-0.972207798,Low
Guyana,2011,Developing,65.6,0.5179812778,-0.523664276,0.3902060125,Low
Guyana,2012,Developing,65.8,-1.150213692,-0.431784572,0.4457001273,Low
Guyana,2013,Developing,65.9,0.4293332359,-0.523664276,0.4693855699,Low
Guyana,2014,Developing,66,0.421274323,-0.523664276,-2.13346894,Low
Guyana,2015,Developing,66.2,0.4051564972,-0.523664276,0.4969510115,Low
Haiti,2000,Developing,58.6,-1.045447825,-1.289328476,-0.770416703,Low
Haiti,2001,Developing,58.9,-1.045447825,-1.258701908,-0.834844804,Low
Haiti,2002,Developing,59.3,-1.061565651,-1.22807534,-0.864349963,Low
Haiti,2003,Developing,59.7,-1.303333037,-1.197448772,-0.966032975,Low
Haiti,2004,Developing,58.7,-1.069624563,-1.197448772,-0.872081666,Low
Haiti,2005,Developing,65,-1.093801302,-1.166822204,-0.766893775,Low
Haiti,2006,Developing,61.1,-1.101860215,-1.136195636,-1.997079142,Low
Haiti,2007,Developing,61.8,0.8161610551,-1.105569068,-0.604789742,Low
Haiti,2008,Developing,62.1,0.7597486648,-1.105569068,-0.551922444,Low
Haiti,2009,Developing,62.5,0.6952773616,-1.0749425,-0.55748588,Low
Haiti,2010,Developing,36.3,4.1686688212,-1.044315932,-0.562718364,Low
Haiti,2011,Developing,62.3,0.7597486648,-1.013689364,-1.823157345,Low
Haiti,2012,Developing,62.3,0.7597486648,-0.952436228,-0.477922659,Low
Haiti,2013,Developing,62.7,0.7113951874,-0.891183092,-1.776251377,Low
Haiti,2014,Developing,63.1,0.6469238842,-0.891183092,-1.763237068,Low
Haiti,2015,Developing,63.5,-1.134095867,-0.891183092,-0.443015167,Low
Honduras,2000,Developing,71,0.0747410683,-0.676797116,-1.288703878,High
Honduras,2001,Developing,71.3,0.0505643296,-0.646170548,-1.583240176,High
Honduras,2002,Developing,71.6,0.0344465038,-0.584917412,-0.252201479,High
Honduras,2003,Developing,71.9,0.0102697651,-0.523664276,-0.239840056,High
Honduras,2004,Developing,72.2,0.0022108522,-0.493037708,-0.210454059,High
Honduras,2005,Developing,72.5,-0.013906974,-0.431784572,-0.167403267,High
Honduras,2006,Developing,72.8,-0.030024799,-0.370531436,-0.114396026,High
Honduras,2007,Developing,73,-1.19856717,-0.339904868,-0.055190243,High
Honduras,2008,Developing,73.2,-0.046142625,-0.278651732,-0.000136744,High
Honduras,2009,Developing,73.4,-0.062260451,-0.217398596,0.0205872818,High
Honduras,2010,Developing,73.6,-0.070319364,-0.15614546,0.0568231205,High
Honduras,2011,Developing,73.9,-0.094496103,-0.094892324,-1.220019579,High
Honduras,2012,Developing,74.1,-0.110613928,-0.125518892,0.125994004,High
Honduras,2013,Developing,74.3,-1.206626083,-0.125518892,0.1148384586,High
Honduras,2014,Developing,74.5,-0.126731754,-0.186772028,0.1428280639,High
Honduras,2015,Developing,74.6,-0.14284958,-0.248025164,0.1639596408,High
Hungary,2000,Developed,71.7,0.2278604134,0.5788921716,0.5613011504,High
Hungary,2001,Developed,72.3,0.1633891102,0.6707718756,-0.69394683,High
Hungary,2002,Developed,72.5,0.1553301973,0.7932781475,-0.55978701,High
Hungary,2003,Developed,72.5,0.1553301973,0.8851578515,0.9064182079,High
Hungary,2004,Developed,72.9,-1.182449344,1.0076641234,-0.190899168,High
Hungary,2005,Developed,72.9,0.1392123715,0.9157844195,1.0711011077,High
Hungary,2006,Developed,73.4,0.098917807,0.9770375554,1.083256676,High
Hungary,2007,Developed,73.5,0.0908588941,1.0076641234,1.1956172253,High
Hungary,2008,Developed,74.1,0.0022108522,1.0076641234,1.2673117799,High
Hungary,2009,Developed,74.2,-0.021965886,1.0076641234,1.157825647,High
Hungary,2010,Developed,74.5,-0.070319364,1.0076641234,-0.161353179,High
Hungary,2011,Developed,74.8,-1.206626083,1.0382906914,-0.109886861,High
Hungary,2012,Developed,75,-0.150908493,1.0382906914,1.1518693295,High
Hungary,2013,Developed,75.5,-0.207320883,1.0382906914,1.1859664141,High
Hungary,2014,Developed,75.6,-0.223438709,1.1607969634,1.2070089948,High
Hungary,2015,Developed,75.8,-0.247615448,1.0995438274,1.1303501197,High
Iceland,2000,Developed,79.7,-0.731150222,1.4670626433,1.6769503854,High
Iceland,2001,Developed,80,-0.747268047,1.5589423472,1.6150740216,High
Iceland,2002,Developed,84,-1.271097386,1.5895689152,1.6802653503,High
Iceland,2003,Developed,87,-0.803680438,1.7120751872,0.4695059358,High
Iceland,2004,Developed,88,-0.803680438,1.9264611631,1.901671365,High
Iceland,2005,Developed,81,-0.827857176,1.8039548911,2.0066083779,High
Iceland,2006,Developed,81.1,-0.835916089,1.8652080271,0.6735386027,High
Iceland,2007,Developed,81.3,-0.852033915,1.8958345951,2.1192960848,High
Iceland,2008,Developed,81.4,-0.860092828,1.8958345951,1.9996307434,High
Iceland,2009,Developed,81.6,-0.884269567,1.9570877311,0.5407251792,High
Iceland,2010,Developed,81.8,-0.900387393,1.9570877311,1.8331560263,High
Iceland,2011,Developed,82.1,-0.916505218,2.0183408671,-2.10270546,High
Iceland,2012,Developed,82.5,-1.287215212,2.048967435,1.868910415,High
Iceland,2013,Developed,82.4,-1.287215212,2.140847139,0.5807285195,High
Iceland,2014,Developed,82.5,-0.932623044,2.140847139,1.9664067875,High
Iceland,2015,Developed,82.7,-0.932623044,2.140847139,0.6858644377,High
India,2000,Developing,62.5,0.4776867133,-1.136195636,-0.800741901,Low
India,2001,Developing,62.9,0.4615688875,-1.136195636,-0.789937675,Low
India,2002,Developing,63.3,0.4373921488,-1.105569068,-0.765686331,Low
India,2003,Developing,63.7,0.4132154101,-1.044315932,-0.679572662,Low
India,2004,Developing,64,0.3970975843,-0.860556524,-0.599647921,Low
India,2005,Developing,64.4,0.3729208456,-0.799303388,-1.801319584,Low
India,2006,Developing,64.8,-1.101860215,-0.707423684,-0.459062159,Low
India,2007,Developing,65.2,-1.117978041,-0.646170548,-1.559703239,Low
India,2008,Developing,65.5,-1.14215478,-0.554290844,-0.329311268,Low
India,2009,Developing,66,-1.31139195,-0.46241114,-2.607286198,Low
India,2010,Developing,66.4,0.2520371521,-0.493037708,-0.152588615,Low
India,2011,Developing,66.8,0.2278604134,-0.370531436,-0.104802196,Low
India,2012,Developing,67.3,-1.174390431,-0.217398596,-0.110643562,Low
India,2013,Developing,67.6,0.179506936,-0.15614546,-0.108564615,Low
India,2014,Developing,68,0.1553301973,-0.125518892,-0.062299326,Low
India,2015,Developing,68.3,0.1311534586,-0.125518892,-0.047750201,Low
Indonesia,2000,Developing,66.3,0.1875658489,-0.401158004,-1.793138604,Low
Indonesia,2001,Developing,66.5,0.1875658489,-0.431784572,-0.492328265,Low
Indonesia,2002,Developing,66.7,0.1956247618,-0.431784572,-0.385594305,Low
Indonesia,2003,Developing,66.9,0.1956247618,-0.370531436,-1.368015458,Low
Indonesia,2004,Developing,65.3,0.3890386714,-0.3092783,-0.244241326,Low
Indonesia,2005,Developing,67.2,-1.174390431,-0.278651732,-1.518326146,Low
Indonesia,2006,Developing,67.3,0.2117425876,-0.339904868,-0.057489616,Low
Indonesia,2007,Developing,67.5,-1.174390431,-0.3092783,0.0333334854,Low
Indonesia,2008,Developing,67.7,0.1956247618,-0.094892324,-1.209389506,Low
Indonesia,2009,Developing,67.9,0.1956247618,-0.094892324,0.1458465084,Low
Indonesia,2010,Developing,68.1,0.179506936,0.0276139478,0.3325874531,Low
Indonesia,2011,Developing,68.3,0.1633891102,0.0888670838,0.422052076,Low
Indonesia,2012,Developing,68.5,0.1472712844,0.1807467877,0.4305328861,Low
Indonesia,2013,Developing,68.7,0.1311534586,0.2726264917,-0.911057462,Low
Indonesia,2014,Developing,68.9,0.1150356328,0.2726264917,0.3988850877,Low
Indonesia,2015,Developing,69.1,0.0908588941,0.2726264917,0.3725452981,Low
Iran (Islamic Republic of),2000,Developing,73,-1.206626083,-0.125518892,0.0049108092,High
Iran (Islamic Republic of),2001,Developing,78,-0.150908493,-0.125518892,0.0049108092,High
Iran (Islamic Republic of),2002,Developing,71.2,-0.183144144,-0.033639188,0.0049108092,High
Iran (Islamic Republic of),2003,Developing,75,-0.08643719,-0.064265756,0.0049108092,High
Iran (Islamic Republic of),2004,Developing,71.8,-0.207320883,-0.064265756,0.0049108092,High
Iran (Islamic Republic of),2005,Developing,72,-0.207320883,-0.186772028,0.0049108092,High
Iran (Islamic Republic of),2006,Developing,72.2,-0.207320883,-0.186772028,0.0049108092,High
Iran (Islamic Republic of),2007,Developing,72.4,-0.215379796,-0.064265756,0.0049108092,High
Iran (Islamic Republic of),2008,Developing,72.7,-0.239556535,0.0276139478,0.0049108092,High
Iran (Islamic Republic of),2009,Developing,73.3,-0.344322402,0.2419999237,0.0049108092,High
Iran (Islamic Republic of),2010,Developing,74.1,-1.19856717,0.2726264917,0.0049108092,High
Iran (Islamic Republic of),2011,Developing,74.7,-0.578030877,0.3338796277,0.0049108092,High
Iran (Islamic Republic of),2012,Developing,75.1,-0.64250218,0.4870124676,0.0049108092,High
Iran (Islamic Republic of),2013,Developing,75.3,-0.658620006,0.9157844195,0.0049108092,High
Iran (Islamic Republic of),2014,Developing,75.4,-0.658620006,0.8851578515,0.0049108092,High
Iran (Islamic Republic of),2015,Developing,75.5,-0.658620006,0.8545312835,0.0049108092,High
Iraq,2000,Developing,70,-0.167026319,-1.044315932,0.0049108092,High
Iraq,2001,Developing,72,-0.183144144,-1.013689364,0.0049108092,High
Iraq,2002,Developing,74,-1.214684996,-0.891183092,0.0049108092,High
Iraq,2003,Developing,66.5,0.3890386714,-0.799303388,0.0049108092,Low
Iraq,2004,Developing,67.2,-1.158272605,-0.676797116,-0.133128628,Low
Iraq,2005,Developing,66.8,-1.093801302,-0.584917412,0.0313666352,Low
Iraq,2006,Developing,64.7,0.6791595358,-0.554290844,0.1703039342,Low
Iraq,2007,Developing,65.9,0.501863452,-0.554290844,0.3355040509,Low
Iraq,2008,Developing,69.3,0.018328678,-0.523664276,0.5483790253,Low
Iraq,2009,Developing,74,-0.134790667,-0.523664276,0.4378875338,High
Iraq,2010,Developing,76,-0.158967406,-0.493037708,-0.782724887,High
Iraq,2011,Developing,77,-0.167026319,-0.493037708,0.6978608198,High
Iraq,2012,Developing,76,-0.14284958,-0.46241114,0.7716431995,High
Iraq,2013,Developing,69.5,-1.190508257,-0.523664276,0.7950031502,Low
Iraq,2014,Developing,67.9,0.2762138908,-0.584917412,-0.552788093,Low
Iraq,2015,Developing,68.9,0.1392123715,-0.584917412,0.6036040887,Low
Ireland,2000,Developed,76.4,-0.569971964,1.2833032353,1.5655853249,High
Ireland,2001,Developed,77,-0.610266528,1.3445563713,1.6076946223,High
Ireland,2002,Developed,77.4,-0.618325441,1.3751829393,1.6899990235,High
Ireland,2003,Developed,78,-0.666678918,1.4670626433,0.4942130172,High
Ireland,2004,Developed,78.3,-0.666678918,1.5589423472,1.9104122578,High
Ireland,2005,Developed,78.7,-0.69891457,1.6814486192,0.7010347667,High
Ireland,2006,Developed,79,-0.69891457,1.7120751872,1.9864899448,High
Ireland,2007,Developed,79.5,-0.723091309,1.7120751872,2.0571724611,High
Ireland,2008,Developed,79.8,-0.723091309,1.8039548911,2.0557312812,High
Ireland,2009,Developed,79.7,-0.706973483,1.8039548911,1.960987444,High
Ireland,2010,Developed,86,-0.779503699,1.8958345951,1.9213226202,High
Ireland,2011,Developed,84,-1.271097386,1.9877142991,1.9674465977,High
Ireland,2012,Developed,85,-0.771444786,1.9877142991,1.9295200462,High
Ireland,2013,Developed,81,-0.787562612,2.0183408671,0.6331296098,High
Ireland,2014,Developed,81.2,-0.795621525,2.0183408671,0.667300385,High
Ireland,2015,Developed,81.4,-0.811739351,2.0183408671,0.7727745509,High
Israel,2000,Developing,78.9,-0.715032396,0.9770375554,0.1189840876,High
Israel,2001,Developing,79.3,-0.731150222,0.9464109874,-1.159097234,High
Israel,2002,Developing,79.3,-0.731150222,1.0076641234,1.3612157196,High
Israel,2003,Developing,79.7,-0.75532696,1.2220500993,1.3771822424,High
Israel,2004,Developing,81,-0.771444786,1.1914235314,1.4052244788,High
Israel,2005,Developing,80,-0.75532696,1.1607969634,0.2308171687,High
Israel,2006,Developing,84,-0.779503699,1.1301703954,0.1304361793,High
Israel,2007,Developing,84,-0.779503699,1.1301703954,-1.106597658,High
Israel,2008,Developing,81,-0.803680438,1.1607969634,1.6363595792,High
Israel,2009,Developing,81.5,-0.819798264,1.0995438274,1.5988623839,High
Israel,2010,Developing,81.7,-0.835916089,1.1301703954,0.4264468169,High
Israel,2011,Developing,81.8,-0.835916089,1.1607969634,1.709538749,High
Israel,2012,Developing,81.8,-1.279156299,1.1914235314,1.6905392331,High
Israel,2013,Developing,82.1,-0.835916089,1.1914235314,1.7547543934,High
Israel,2014,Developing,82.2,-1.279156299,1.2220500993,1.7733527073,High
Israel,2015,Developing,82.5,-0.860092828,1.2220500993,1.7440986449,High
Italy,2000,Developed,79.4,-0.706973483,0.8545312835,-1.12337601,High
Italy,2001,Developed,79.8,-0.723091309,0.8851578515,-2.462339773,High
Italy,2002,Developed,80,-0.747268047,0.9770375554,1.4687438716,High
Italy,2003,Developed,79.9,-0.747268047,1.0382906914,1.5902952046,High
Italy,2004,Developed,89,-0.795621525,1.0995438274,1.6652172435,High
Italy,2005,Developed,88,-0.795621525,1.1607969634,1.6795968838,High
Italy,2006,Developed,81.2,-0.803680438,1.2220500993,0.3735121974,High
Italy,2007,Developed,81.3,-0.819798264,1.2526766673,1.7751343731,High
Italy,2008,Developed,81.5,-0.835916089,1.3139298033,-0.76829674,High
Italy,2009,Developed,81.6,-0.835916089,1.3139298033,1.7639497936,High
Italy,2010,Developed,81.8,-1.279156299,1.3445563713,1.7460381242,High
Italy,2011,Developed,82,-1.279156299,1.3445563713,1.7848099539,High
Italy,2012,Developed,82,-1.279156299,1.4058095073,1.7290883296,High
Italy,2013,Developed,82.3,-0.860092828,1.3751829393,0.4064033279,High
Italy,2014,Developed,82.5,-0.868151741,1.3139298033,1.7386871093,High
Italy,2015,Developed,82.7,-0.876210654,1.3139298033,-0.9330276,High
Jamaica,2000,Developing,72.6,0.0505643296,-0.186772028,-0.953726875,HighJamaica,2001,Developing,72.7,0.0505643296,-0.339904868,0.3826362608,High
Jamaica,2002,Developing,73,0.018328678,-0.094892324,0.4160074246,High
Jamaica,2003,Developing,73.1,0.0102697651,-0.033639188,0.3944992841,High
Jamaica,2004,Developing,73.3,0.0022108522,-0.278651732,0.4355332807,High
Jamaica,2005,Developing,73.5,-0.030024799,0.1194936518,-0.746214867,High
Jamaica,2006,Developing,74,-1.206626083,0.1501202197,0.5211161098,High
Jamaica,2007,Developing,74.2,-0.134790667,0.1501202197,-0.770377446,High
Jamaica,2008,Developing,74.5,-0.158967406,0.1807467877,-0.734055458,High
Jamaica,2009,Developing,74.7,-0.183144144,0.2113733557,0.5184566736,High
Jamaica,2010,Developing,75,-0.215379796,0.2113733557,0.5686681129,High
Jamaica,2011,Developing,75.2,-0.207320883,0.2419999237,-0.709837937,High
Jamaica,2012,Developing,75.3,-0.215379796,0.2419999237,-0.701136094,High
Jamaica,2013,Developing,75.6,-0.231497622,0.2419999237,-1.990148585,High
Jamaica,2014,Developing,75.8,-0.255674361,0.2419999237,0.5896544696,High
Jamaica,2015,Developing,76.2,-0.320145664,0.2419999237,0.6026405103,High
Japan,2000,Developed,81.1,-0.731150222,0.7626515795,1.7877869412,High
Japan,2001,Developed,81.5,-0.747268047,0.7932781475,1.712783097,High
Japan,2002,Developed,81.8,-1.271097386,0.8239047155,1.6855406297,High
Japan,2003,Developed,81.9,-1.271097386,0.8545312835,0.3983552674,High
Japan,2004,Developed,82.1,-0.779503699,0.8545312835,1.7749799443,High
Japan,2005,Developed,82,-0.771444786,0.8851578515,1.7677045036,High
Japan,2006,Developed,82.4,-0.779503699,0.8851578515,1.7392967137,High
Japan,2007,Developed,82.6,-0.787562612,0.9157844195,1.7366992422,High
Japan,2008,Developed,82.7,-0.795621525,0.9157844195,1.7997733755,High
Japan,2009,Developed,83,-0.811739351,0.9157844195,0.5895867857,High
Japan,2010,Developed,83,-0.827857176,0.9464109874,0.5401783487,High
Japan,2011,Developed,82.5,-0.811739351,0.9464109874,1.916889353,High
Japan,2012,Developed,83.3,-0.860092828,1.0076641234,0.5905749032,High
Japan,2013,Developed,83.5,-0.876210654,1.0076641234,0.5397592069,High
Japan,2014,Developed,83.5,-0.868151741,1.0076641234,0.4623078913,High
Japan,2015,Developed,83.7,-0.884269567,1.0076641234,1.7234117114,High
Jordan,2000,Developing,71.7,-0.255674361,0.1807467877,-0.031940202,High
Jordan,2001,Developing,71.9,-0.271792186,0.2113733557,-0.00789282,High
Jordan,2002,Developing,72.1,-0.287910012,0.3032530597,0.0195664711,High
Jordan,2003,Developing,72.3,-0.304027838,0.3645061957,0.0436122524,High
Jordan,2004,Developing,72.5,-0.320145664,0.4563858996,-1.100325211,High
Jordan,2005,Developing,72.4,-0.304027838,0.5482656036,-1.19018337,High
Jordan,2006,Developing,72.8,-0.352381315,0.5176390356,0.2142264608,High
Jordan,2007,Developing,73,-1.230802821,0.4870124676,0.2634788274,High
Jordan,2008,Developing,73.1,-0.368499141,0.4870124676,0.3810697844,High
Jordan,2009,Developing,73.3,-0.376558054,0.4870124676,0.3989751547,High
Jordan,2010,Developing,73.4,-0.384616967,0.3645061957,0.4291571019,High
Jordan,2011,Developing,73.6,-0.39267588,0.3338796277,-0.873005092,High
Jordan,2012,Developing,73.7,-0.400734793,0.2726264917,-0.872364675,High
Jordan,2013,Developing,73.9,-0.408793706,0.3338796277,0.4764823438,High
Jordan,2014,Developing,74,-0.416852619,0.3338796277,-0.76486377,High
Jordan,2015,Developing,74.1,-0.424911531,0.3338796277,-0.728793762,High
Kazakhstan,2000,Developing,63.9,1.0256927904,0.0276139478,-0.204640388,Low
Kazakhstan,2001,Developing,64.4,0.9612214872,0.0888670838,-1.422005209,Low
Kazakhstan,2002,Developing,64.7,0.896750184,0.2113733557,-0.031792915,Low
Kazakhstan,2003,Developing,64.4,0.9451036614,0.3338796277,-1.085760888,Low
Kazakhstan,2004,Developing,64.7,0.9853982259,0.4563858996,0.2863486117,Low
Kazakhstan,2005,Developing,64.6,1.0418106162,0.5788921716,0.4434564583,Low
Kazakhstan,2006,Developing,65,1.0498695291,0.7013984435,0.6393730215,Low
Kazakhstan,2007,Developing,65.3,0.9934571388,0.8239047155,0.7820112876,Low
Kazakhstan,2008,Developing,66.6,0.7516897519,0.7932781475,0.9144440733,Low
Kazakhstan,2009,Developing,67.8,0.5663347552,0.7932781475,0.8147140445,Low
Kazakhstan,2010,Developing,67.8,0.5743936681,0.7626515795,-1.67001297,Low
Kazakhstan,2011,Developing,68.5,0.4776867133,0.7320250115,1.0950932907,Low
Kazakhstan,2012,Developing,69.1,0.3970975843,0.8239047155,1.1313579298,Low
Kazakhstan,2013,Developing,69.5,-1.101860215,0.9157844195,-0.133944113,Low
Kazakhstan,2014,Developing,69.9,-1.150213692,0.9157844195,-0.178613222,Low
Kazakhstan,2015,Developing,72,0.2681549779,0.9157844195,-1.384457584,High
Kenya,2000,Developing,51.9,2.1217049448,-1.105569068,-2.131406895,Low
Kenya,2001,Developing,51.9,2.1700584222,-1.105569068,-2.161137116,Low
Kenya,2002,Developing,52.1,2.1942351609,-1.0749425,-0.860411558,Low
Kenya,2003,Developing,52.4,2.1942351609,-1.166822204,-0.803618508,Low
Kenya,2004,Developing,53,2.1539405964,-0.952436228,-0.774939587,Low
Kenya,2005,Developing,54.1,1.9927623384,-0.738050252,-0.702840278,Low
Kenya,2006,Developing,55.3,1.7993484288,-0.707423684,-0.532611067,Low
Kenya,2007,Developing,56.8,1.541463216,-0.584917412,-0.425780639,Low
Kenya,2008,Developing,57.9,1.4044616967,-0.493037708,-0.374548165,Low
Kenya,2009,Developing,59.1,1.2271656129,-0.401158004,-1.699378669,Low
Kenya,2010,Developing,63,1.0418106162,-0.278651732,-0.34356701,Low
Kenya,2011,Developing,61.2,0.9128680098,-0.278651732,-0.331672578,Low
Kenya,2012,Developing,62.1,0.7919843164,-0.278651732,-0.240882817,Low
Kenya,2013,Developing,62.6,0.7516897519,-0.278651732,-0.205037071,Low
Kenya,2014,Developing,62.9,0.7275130132,-0.278651732,-0.156957268,Low
Kenya,2015,Developing,63.4,0.6791595358,-0.278651732,-0.150786239,Low
Kiribati,2000,Developing,64.1,0.4615688875,-0.61554398,-0.455761247,Low
Kiribati,2001,Developing,64.3,0.4373921488,-0.493037708,-0.502495469,Low
Kiribati,2002,Developing,64.6,0.421274323,-0.094892324,-0.434528376,Low
Kiribati,2003,Developing,64.7,0.4051564972,-0.125518892,-1.573473552,Low
Kiribati,2004,Developing,64.8,0.3970975843,0.1194936518,-1.582353739,Low
Kiribati,2005,Developing,64.9,0.3890386714,0.0582405158,-0.21192917,Low
Kiribati,2006,Developing,65,0.3809797585,0.0276139478,-0.242739664,Low
Kiribati,2007,Developing,65,0.3729208456,-0.064265756,-0.147513042,Low
Kiribati,2008,Developing,65.1,-1.158272605,-0.125518892,-0.124258972,Low
Kiribati,2009,Developing,65.2,-1.101860215,-0.033639188,-0.173813515,Low
Kiribati,2010,Developing,65.3,-1.109919128,-0.033639188,-0.092471646,Low
Kiribati,2011,Developing,65.5,-1.117978041,-0.033639188,-0.019950202,Low
Kiribati,2012,Developing,65.7,-1.134095867,-0.033639188,0.0038845656,Low
Kiribati,2013,Developing,65.8,-1.150213692,-0.033639188,-0.009200983,Low
Kiribati,2014,Developing,66.1,-1.31139195,-0.033639188,-0.022714824,Low
Kiribati,2015,Developing,66.3,0.2681549779,-0.033639188,-0.11970935,Low
Kuwait,2000,Developing,73.2,-0.553854138,0.6401453076,1.3599032617,High
Kuwait,2001,Developing,73.2,-0.561913051,0.6095187396,-0.032960456,High
Kuwait,2002,Developing,73.3,-0.569971964,0.5788921716,1.3407168068,High
Kuwait,2003,Developing,73.4,-0.578030877,0.6401453076,0.1502234784,High
Kuwait,2004,Developing,73.5,-0.594148702,0.7320250115,1.5803812604,High
Kuwait,2005,Developing,73.6,-1.25497956,0.6707718756,0.4083601766,High
Kuwait,2006,Developing,73.6,-0.610266528,0.6401453076,1.8474282436,High
Kuwait,2007,Developing,73.7,-0.610266528,0.5788921716,1.8876539929,High
Kuwait,2008,Developing,73.8,-0.618325441,0.5482656036,1.9995964648,High
Kuwait,2009,Developing,73.9,-0.626384354,0.4870124676,1.7731135735,High
Kuwait,2010,Developing,74,-0.634443267,0.4563858996,1.7872632347,High
Kuwait,2011,Developing,74.2,-0.64250218,0.4257593316,1.9180960928,High
Kuwait,2012,Developing,74.3,-0.650561093,0.3645061957,1.9529302963,High
Kuwait,2013,Developing,74.5,-0.658620006,0.3338796277,1.9196682088,High
Kuwait,2014,Developing,74.6,-0.666678918,0.3032530597,1.8511928445,High
Kuwait,2015,Developing,74.7,-0.674737831,0.3951327637,1.6229021597,High
Kyrgyzstan,2000,Developing,66.6,0.4857456262,-0.186772028,0.0049108092,Low
Kyrgyzstan,2001,Developing,67.2,0.421274323,-0.064265756,0.0049108092,Low
Kyrgyzstan,2002,Developing,66.7,0.4051564972,0.0276139478,0.0049108092,Low
Kyrgyzstan,2003,Developing,66.6,0.421274323,0.0582405158,0.0049108092,Low
Kyrgyzstan,2004,Developing,67.1,0.4293332359,0.1501202197,0.0049108092,Low
Kyrgyzstan,2005,Developing,66.9,0.4776867133,0.1194936518,0.0049108092,Low
Kyrgyzstan,2006,Developing,66.7,0.5582758423,0.1501202197,0.0049108092,Low
Kyrgyzstan,2007,Developing,67.2,0.5179812778,0.1807467877,0.0049108092,Low
Kyrgyzstan,2008,Developing,67.6,0.421274323,0.1807467877,0.0049108092,Low
Kyrgyzstan,2009,Developing,68.5,-1.158272605,0.1194936518,0.0049108092,Low
Kyrgyzstan,2010,Developing,68.8,0.2762138908,0.0582405158,0.0049108092,Low
Kyrgyzstan,2011,Developing,69.4,0.1875658489,0.0276139478,0.0049108092,Low
Kyrgyzstan,2012,Developing,69.9,-1.182449344,0.0888670838,0.0049108092,Low
Kyrgyzstan,2013,Developing,77,0.0747410683,0.1501202197,0.0049108092,High
Kyrgyzstan,2014,Developing,78,-1.190508257,0.2419999237,0.0049108092,High
Kyrgyzstan,2015,Developing,71.1,0.0102697651,0.3032530597,0.0049108092,High
Lao People's Democratic Republic,2000,Developing,58.1,0.9128680098,-1.22807534,0.0049108092,Low
Lao People's Democratic Republic,2001,Developing,58.7,0.8564556195,-1.22807534,0.0049108092,Low
Lao People's Democratic Republic,2002,Developing,59.3,0.8081021422,-1.22807534,0.0049108092,Low
Lao People's Democratic Republic,2003,Developing,59.8,0.7597486648,-1.136195636,0.0049108092,Low
Lao People's Democratic Republic,2004,Developing,64,0.7033362745,-1.044315932,0.0049108092,Low
Lao People's Democratic Republic,2005,Developing,61,0.6549827971,-1.013689364,0.0049108092,Low
Lao People's Democratic Republic,2006,Developing,61.5,-1.134095867,-0.92180966,0.0049108092,Low
Lao People's Democratic Republic,2007,Developing,62.1,0.5582758423,-0.92180966,0.0049108092,Low
Lao People's Democratic Republic,2008,Developing,62.6,0.5099223649,-0.860556524,0.0049108092,Low
Lao People's Democratic Republic,2009,Developing,63.1,0.4696278004,-0.799303388,0.0049108092,Low
Lao People's Democratic Republic,2010,Developing,63.6,0.4293332359,-0.738050252,0.0049108092,Low
Lao People's Democratic Republic,2011,Developing,64,0.3890386714,-0.646170548,0.0049108092,Low
Lao People's Democratic Republic,2012,Developing,64.4,-1.101860215,-0.554290844,0.0049108092,Low
Lao People's Democratic Republic,2013,Developing,64.9,-1.14215478,-0.493037708,0.0049108092,Low
Lao People's Democratic Republic,2014,Developing,65.3,0.2762138908,-0.431784572,0.0049108092,Low
Lao People's Democratic Republic,2015,Developing,65.7,0.2359193263,-0.370531436,0.0049108092,Low
Latvia,2000,Developed,71,0.4293332359,0.5176390356,0.3754101786,High
Latvia,2001,Developed,69.9,0.5099223649,0.6707718756,0.4121919859,Low
Latvia,2002,Developed,73,0.4373921488,0.8545312835,0.4963437396,High
Latvia,2003,Developed,78,-1.093801302,0.9770375554,0.6219942143,High
Latvia,2004,Developed,71,-1.117978041,1.0689172594,0.7450089782,High
Latvia,2005,Developed,76,0.4132154101,1.1914235314,0.8456359881,High
Latvia,2006,Developed,75,0.5179812778,1.2833032353,0.9879966675,High
Latvia,2007,Developed,78,0.4535099746,1.2833032353,-0.111774567,High
Latvia,2008,Developed,71.9,0.2762138908,1.3139298033,1.2918589275,High
Latvia,2009,Developed,72.6,0.1553301973,1.3445563713,1.1234680068,High
Latvia,2010,Developed,72.8,-1.182449344,1.2220500993,1.0795635246,High
Latvia,2011,Developed,73.6,0.0344465038,1.1607969634,-0.141133051,High
Latvia,2012,Developed,73.8,-0.013906974,1.0689172594,1.1947893056,High
Latvia,2013,Developed,74.1,-0.030024799,1.0382906914,-0.07753325,High
Latvia,2014,Developed,74.4,-0.070319364,1.2220500993,1.2693708617,High
Latvia,2015,Developed,74.6,-0.094496103,1.2220500993,1.1882126511,High
Lebanon,2000,Developing,72.7,-0.424911531,0.8851578515,0.6440932279,High
Lebanon,2001,Developing,73,-1.238861734,0.9157844195,0.6351542876,High
Lebanon,2002,Developing,73.2,-1.190508257,0.9770375554,0.6550120926,High
Lebanon,2003,Developing,73.5,-1.206626083,0.8545312835,0.6538484877,High
Lebanon,2004,Developing,73.7,-1.222743908,0.6707718756,0.6536942933,High
Lebanon,2005,Developing,73.9,-1.238861734,0.5176390356,0.6445817961,High
Lebanon,2006,Developing,74.1,-1.319450863,0.3645061957,0.6481691966,High
Lebanon,2007,Developing,74.4,-0.537736312,0.2726264917,-0.606246257,High
Lebanon,2008,Developing,74.5,-0.537736312,0.3338796277,-0.520215539,High
Lebanon,2009,Developing,74.7,-0.561913051,0.3645061957,-1.755260647,High
Lebanon,2010,Developing,74.9,-0.569971964,0.3951327637,0.9312023765,High
Lebanon,2011,Developing,75,-0.578030877,0.3645061957,0.9292943391,High
Lebanon,2012,Developing,75,-0.578030877,0.3951327637,0.9327921947,High
Lebanon,2013,Developing,74.9,-0.545795225,0.3951327637,-0.420904554,High
Lebanon,2014,Developing,74.8,-0.529677399,0.3951327637,0.8900124893,High
Lebanon,2015,Developing,74.9,-0.537736312,0.3951327637,-0.420666952,High
Lesotho,2000,Developing,49.3,3.0484799282,-0.738050252,-0.755193533,Low
Lesotho,2001,Developing,47.8,3.3950131829,-0.523664276,-0.802121472,Low
Lesotho,2002,Developing,46.4,3.6851340472,-0.493037708,-2.082089219,Low
Lesotho,2003,Developing,45.5,3.8946657826,-0.46241114,-1.917701528,Low
Lesotho,2004,Developing,44.8,4.0397262148,-0.401158004,-0.466960912,Low
Lesotho,2005,Developing,44.5,4.1122564309,-0.401158004,-0.409627345,Low
Lesotho,2006,Developing,45.3,3.94301926,-0.401158004,-0.375257368,Low
Lesotho,2007,Developing,46.2,3.7737820891,-0.431784572,-0.373581574,Low
Lesotho,2008,Developing,47.8,3.4433666603,-0.401158004,-0.363594031,Low
Lesotho,2009,Developing,49.4,3.2338349249,-0.370531436,-0.370626397,Low
Lesotho,2010,Developing,51.1,2.9195373218,-0.339904868,-0.231937839,Low
Lesotho,2011,Developing,52.3,-0.908446305,-0.3092783,-0.14975329,Low
Lesotho,2012,Developing,52.2,2.8067125412,-0.3092783,-0.180887744,Low
Lesotho,2013,Developing,52.1,2.8470071057,-0.278651732,-0.220770445,Low
Lesotho,2014,Developing,52.1,2.8792427573,-0.370531436,-0.231160833,Low
Lesotho,2015,Developing,53.7,2.5730040671,-0.401158004,-1.33644052,Low
Liberia,2000,Developing,51.9,-1.013212173,-1.013689364,-1.305390383,Low
Liberia,2001,Developing,51.5,1.3561082193,-0.46241114,-1.335268339,Low
Liberia,2002,Developing,56,1.6623469095,-0.493037708,-1.325052314,Low
Liberia,2003,Developing,50,-0.989035434,-0.523664276,-1.489153511,Low
Liberia,2004,Developing,54,1.3238725677,-0.554290844,-1.423865863,Low
Liberia,2005,Developing,55.3,1.2191067,-0.584917412,-1.353941867,Low
Liberia,2006,Developing,56.7,-1.069624563,-0.61554398,-1.319716974,Low
Liberia,2007,Developing,57.9,0.977339313,-0.646170548,-2.548795733,Low
Liberia,2008,Developing,58.6,0.9370447485,-0.676797116,-1.167929462,Low
Liberia,2009,Developing,59.2,0.9048090969,-0.707423684,-2.285961913,Low
Liberia,2010,Developing,59.7,0.8645145324,-0.738050252,-0.970181915,Low
Liberia,2011,Developing,62,0.8161610551,-0.76867682,-0.884520488,Low
Liberia,2012,Developing,67,0.7758664906,-0.738050252,-0.832579287,Low
Liberia,2013,Developing,61.1,0.7516897519,-0.676797116,-0.780973721,Low
Liberia,2014,Developing,58.1,1.3238725677,-0.646170548,-0.775468216,Low
Liberia,2015,Developing,61.4,0.7597486648,-0.646170548,-0.783187961,Low
Libya,2000,Developing,78,-0.134790667,1.0689172594,0.8131256539,High
Libya,2001,Developing,71,-0.14284958,1.1301703954,0.737471616,High
Libya,2002,Developing,71.1,-0.150908493,1.1607969634,-0.891026903,High
Libya,2003,Developing,71.3,-0.167026319,1.2220500993,0.5679560609,High
Libya,2004,Developing,71.5,-0.191203057,1.1914235314,-0.632675071,High
Libya,2005,Developing,71.9,-0.215379796,1.1301703954,0.8907137323,High
Libya,2006,Developing,72.2,-0.247615448,1.0382906914,0.96834216,High
Libya,2007,Developing,72.5,-0.263733273,0.9464109874,-0.2493012,High
Libya,2008,Developing,72.6,-0.263733273,0.8545312835,1.2183088449,High
Libya,2009,Developing,72.7,-0.263733273,0.7932781475,-0.173952472,High
Libya,2010,Developing,72.8,-0.263733273,0.7013984435,-0.212879832,High
Libya,2011,Developing,71.3,-0.030024799,0.6095187396,-0.657123763,High
Libya,2012,Developing,72.9,-0.255674361,0.5176390356,0.0049108092,High
Libya,2013,Developing,72.9,-0.247615448,0.4257593316,0.0049108092,High
Libya,2014,Developing,72.4,-0.175085232,0.4257593316,0.0049108092,High
Libya,2015,Developing,72.7,-0.215379796,0.4257593316,0.0049108092,High
Lithuania,2000,Developed,71.6,-1.31139195,0.6095187396,0.365776492,High
Lithuania,2001,Developed,71.2,-1.158272605,0.8239047155,-0.926438811,High
Lithuania,2002,Developed,71.4,-1.150213692,1.0076641234,0.4983891935,High
Lithuania,2003,Developed,71.6,-1.150213692,1.1607969634,-0.664380905,High
Lithuania,2004,Developed,71.6,-1.134095867,1.3139298033,-0.550030523,High
Lithuania,2005,Developed,78,0.4615688875,1.2833032353,0.8684749073,High
Lithuania,2006,Developed,76,0.5179812778,1.3445563713,-0.369683752,High
Lithuania,2007,Developed,72,-1.134095867,1.3445563713,1.127174064,High
Lithuania,2008,Developed,71.1,0.4776867133,1.3751829393,1.240578893,High
Lithuania,2009,Developed,72.2,0.2198015005,1.4058095073,1.105097282,High
Lithuania,2010,Developed,72.4,0.1875658489,1.4670626433,1.1122592313,High
Lithuania,2011,Developed,72.8,-1.182449344,1.4364360753,1.2167498287,High
Lithuania,2012,Developed,73,0.0908588941,1.3751829393,1.2161088747,High
Lithuania,2013,Developed,73,0.1069767199,1.3445563713,1.2689177391,High
Lithuania,2014,Developed,73.4,0.0344465038,1.3751829393,1.2991173352,High
Lithuania,2015,Developed,73.6,0.0022108522,1.3751829393,1.2124916136,High
Luxembourg,2000,Developed,77.8,-0.537736312,0.4563858996,1.9236703544,High
Luxembourg,2001,Developed,78,-0.553854138,0.4257593316,1.9170266106,High
Luxembourg,2002,Developed,78.3,-0.561913051,0.4563858996,0.6395987617,High
Luxembourg,2003,Developed,78.6,-0.586089789,0.4870124676,2.0941959193,High
Luxembourg,2004,Developed,78.7,-0.586089789,0.4563858996,2.1785144975,High
Luxembourg,2005,Developed,78.8,-1.25497956,0.4563858996,0.8990303287,High
Luxembourg,2006,Developed,79.4,-0.64250218,0.4563858996,2.2768015086,High
Luxembourg,2007,Developed,79.7,-0.666678918,0.4563858996,-0.045851482,High
Luxembourg,2008,Developed,80,-1.263038473,0.4563858996,2.4167010808,High
Luxembourg,2009,Developed,83,-0.715032396,0.4563858996,1.1680613707,High
Luxembourg,2010,Developed,86,-0.739209135,0.5176390356,1.2407255097,High
Luxembourg,2011,Developed,88,-0.747268047,0.5788921716,2.4240818946,High
Luxembourg,2012,Developed,81.1,-1.271097386,0.5788921716,1.305862006,High
Luxembourg,2013,Developed,81.4,-0.779503699,0.5788921716,2.4139515637,High
Luxembourg,2014,Developed,81.7,-0.803680438,0.5788921716,2.4408803875,High
Luxembourg,2015,Developed,82,-0.819798264,0.5788921716,-0.218989338,High
Madagascar,2000,Developing,57.9,0.9531625743,-1.22807534,-1.135715614,Low
Madagascar,2001,Developing,58.7,0.896750184,-1.166822204,-1.063682148,Low
Madagascar,2002,Developing,59.3,0.8564556195,-1.136195636,-1.09849393,Low
Madagascar,2003,Developing,59.9,0.8322788809,-1.0749425,-0.989265397,Low
Madagascar,2004,Developing,64,0.824219968,-1.013689364,-1.137638151,Low
Madagascar,2005,Developing,69,0.8081021422,-0.952436228,-1.071492637,Low
Madagascar,2006,Developing,61.4,0.7919843164,-0.92180966,-1.036105502,Low
Madagascar,2007,Developing,61.9,0.7758664906,-0.891183092,-0.887332404,Low
Madagascar,2008,Developing,62.3,0.7597486648,-0.799303388,-2.08403327,Low
Madagascar,2009,Developing,62.8,0.7194541003,-0.707423684,-0.832123578,Low
Madagascar,2010,Developing,63.3,0.6711006229,-0.554290844,-0.836243127,Low
Madagascar,2011,Developing,63.8,0.6146882326,-0.554290844,-0.779903191,Low
Madagascar,2012,Developing,64.3,0.5663347552,-0.554290844,-0.794063346,Low
Madagascar,2013,Developing,64.7,-1.14215478,-0.523664276,-0.77137153,Low
Madagascar,2014,Developing,65.1,0.4857456262,-0.523664276,-0.783090765,Low
Madagascar,2015,Developing,65.5,-1.150213692,-0.523664276,-2.160013447,Low
Malawi,2000,Developing,43.1,3.4111310087,-0.401158004,-1.40928798,Low
Malawi,2001,Developing,43.5,3.4997790506,-0.584917412,-1.434347686,Low
Malawi,2002,Developing,44,-0.787562612,-0.493037708,-2.353063477,Low
Malawi,2003,Developing,44.6,3.6126038311,-0.523664276,-2.432066897,Low
Malawi,2004,Developing,45.1,3.6287216569,-0.61554398,-1.072744424,Low
Malawi,2005,Developing,46,-0.795621525,-0.707423684,-2.385043362,Low
Malawi,2006,Developing,47.1,3.4030720958,-0.738050252,-1.025240347,Low
Malawi,2007,Developing,48.5,3.1774225346,-0.707423684,-2.311332413,Low
Malawi,2008,Developing,50,2.903419496,-0.738050252,-0.895046521,Low
Malawi,2009,Developing,51.5,2.6294164574,-0.646170548,-2.147973705,Low
Malawi,2010,Developing,52.9,2.3957079833,-0.554290844,-0.774959983,Low
Malawi,2011,Developing,54.1,2.2264708124,-0.431784572,-0.71144412,Low
Malawi,2012,Developing,55.3,-0.989035434,-0.401158004,-0.892451957,Low
Malawi,2013,Developing,56.7,1.8477019062,-0.401158004,-0.960552578,Low
Malawi,2014,Developing,57.6,1.7107003869,-0.401158004,-0.923859805,Low
Malawi,2015,Developing,58.3,1.6139934321,-0.370531436,-0.911067729,Low
Malaysia,2000,Developing,72.4,-0.126731754,-0.125518892,-0.792484299,High
Malaysia,2001,Developing,72.7,-0.167026319,-0.033639188,0.4651075955,High
Malaysia,2002,Developing,72.9,-1.214684996,-0.00301262,0.5012244002,High
Malaysia,2003,Developing,73.1,-0.215379796,0.0276139478,0.5409563283,High
Malaysia,2004,Developing,73.2,-0.223438709,0.2113733557,0.6014147716,High
Malaysia,2005,Developing,73.4,-0.239556535,0.2726264917,0.6715032166,High
Malaysia,2006,Developing,73.6,-0.247615448,0.2113733557,0.7331563872,High
Malaysia,2007,Developing,73.7,-0.255674361,0.0888670838,0.8230408768,High
Malaysia,2008,Developing,73.8,-0.263733273,0.1501202197,0.9144484825,High
Malaysia,2009,Developing,74,-0.271792186,0.1807467877,0.8276041404,High
Malaysia,2010,Developing,74.1,-0.271792186,0.2419999237,-0.341174595,High
Malaysia,2011,Developing,74.3,-1.222743908,0.3032530597,-1.440829257,High
Malaysia,2012,Developing,74.5,-0.287910012,0.2726264917,0.009004311,High
Malaysia,2013,Developing,74.6,-0.295968925,0.2726264917,0.0414848423,High
Malaysia,2014,Developing,74.8,-0.312086751,0.3032530597,1.0722523745,High
Malaysia,2015,Developing,75,-0.33626349,0.3338796277,0.9865391112,High
Maldives,2000,Developing,69.6,-0.207320883,-0.217398596,0.1272178427,Low
Maldives,2001,Developing,78,-0.287910012,-0.064265756,-1.023341518,High
Maldives,2002,Developing,71.8,-0.328204577,-0.00301262,-2.308652023,High
Maldives,2003,Developing,72.7,-0.424911531,-0.064265756,0.3889687031,High
Maldives,2004,Developing,73.4,-1.19856717,0.0582405158,0.4559069092,High
Maldives,2005,Developing,74.3,-0.578030877,0.0276139478,0.3983709483,High
Maldives,2006,Developing,75,-0.618325441,-0.00301262,0.5363829304,High
Maldives,2007,Developing,75.4,-0.666678918,-0.033639188,-2.02499727,High
Maldives,2008,Developing,75.9,-0.674737831,-0.064265756,0.6952869913,High
Maldives,2009,Developing,76.3,-0.723091309,-0.064265756,-0.622582046,High
Maldives,2010,Developing,76.7,-0.739209135,-0.125518892,-0.588147565,High
Maldives,2011,Developing,77.3,-0.787562612,-0.064265756,0.7581311274,High
Maldives,2012,Developing,77.6,-0.803680438,0.0276139478,0.7620519325,High
Maldives,2013,Developing,77.9,-0.811739351,0.1194936518,0.8104243315,High
Maldives,2014,Developing,78.2,-0.827857176,0.2113733557,0.8575647593,High
Maldives,2015,Developing,78.5,-0.835916089,0.2113733557,0.9063859634,High
Mali,2000,Developing,49.8,-1.029329999,-2.330631787,-1.083124755,Low
Mali,2001,Developing,55,-1.053506738,-2.269378651,-2.233758115,Low
Mali,2002,Developing,51.2,-1.077683476,-2.177498947,-0.958295148,Low
Mali,2003,Developing,52,1.0821051807,-2.085619243,-0.866372005,Low
Mali,2004,Developing,52.8,1.057928442,-1.993739539,-0.80009293,Low
Mali,2005,Developing,53.6,-1.093801302,-1.901859835,-0.739424073,Low
Mali,2006,Developing,54.3,0.9934571388,-1.809980132,-0.700793407,Low
Mali,2007,Developing,55,0.9451036614,-1.718100428,-0.624065049,Low
Mali,2008,Developing,55.5,0.9128680098,-1.901859835,-0.539269973,Low
Mali,2009,Developing,56,0.896750184,-1.503714452,-0.533034665,Low
Mali,2010,Developing,56.5,0.8725734453,-1.442461316,-1.797182069,Low
Mali,2011,Developing,56.8,0.8564556195,-1.38120818,-0.428053625,Low
Mali,2012,Developing,57.2,-1.109919128,-1.319955044,-0.470053276,Low
Mali,2013,Developing,57.3,0.8886912711,-1.22807534,-0.469821567,Low
Mali,2014,Developing,57.8,0.8645145324,-1.166822204,-0.435237378,Low
Mali,2015,Developing,58.2,0.8161610551,-1.105569068,-0.506621569,Low
Malta,2000,Developed,77.5,-1.263038473,0.5482656036,-0.248794153,High
Malta,2001,Developed,77.8,-0.690855657,0.5176390356,-0.257889629,High
Malta,2002,Developed,78.2,-0.723091309,0.5482656036,1.1054171564,High
Malta,2003,Developed,78.5,-0.75532696,0.5482656036,1.1892024817,High
Malta,2004,Developed,78.7,-0.771444786,0.6707718756,-0.082339833,High
Malta,2005,Developed,79,-0.787562612,0.8545312835,1.273410661,High
Malta,2006,Developed,79.3,-0.795621525,0.8545312835,1.3031769347,High
Malta,2007,Developed,79.6,-0.803680438,0.7320250115,1.3901202976,High
Malta,2008,Developed,80,-0.811739351,0.7932781475,1.4617224977,High
Malta,2009,Developed,82,-0.819798264,0.7320250115,0.2449108121,High
Malta,2010,Developed,83,-0.827857176,0.7932781475,0.1284876734,High
Malta,2011,Developed,87,-0.852033915,0.8545312835,1.4848129581,High
Malta,2012,Developed,81,-0.860092828,0.6401453076,0.1300952916,High
Malta,2013,Developed,81.1,-0.868151741,0.6707718756,0.1803920635,High
Malta,2014,Developed,81.4,-0.884269567,0.7013984435,0.2325306883,High
Malta,2015,Developed,81.7,-0.89232848,0.7932781475,1.5095611071,High
Marshall Islands,2013,Developing,72.1,-0.167026319,-3.678200779,0.41941603,High
Mauritania,2000,Developing,60,-1.14215478,-1.718100428,-0.751966557,Low
Mauritania,2001,Developing,61,0.5179812778,-1.68747386,-0.768240533,Low
Mauritania,2002,Developing,62,0.5099223649,-1.68747386,-2.093551373,Low
Mauritania,2003,Developing,63,0.4938045391,-1.656847292,-0.693144179,Low
Mauritania,2004,Developing,64,0.4776867133,-1.626220724,-1.927685806,Low
Mauritania,2005,Developing,66,0.4696278004,-1.473087884,-0.532543624,Low
Mauritania,2006,Developing,69,0.4535099746,-1.473087884,-0.357616597,Low
Mauritania,2007,Developing,61.2,0.4373921488,-1.411834748,-1.583963578,Low
Mauritania,2008,Developing,61.4,0.421274323,-1.473087884,-0.234767957,Low
Mauritania,2009,Developing,61.7,0.4051564972,-1.503714452,-1.434044402,Low
Mauritania,2010,Developing,62,0.3970975843,-1.350581612,-1.534711875,Low
Mauritania,2011,Developing,62.2,0.3809797585,-1.319955044,-0.13252854,Low
Mauritania,2012,Developing,62.5,-1.093801302,-1.289328476,-0.144686005,Low
Mauritania,2013,Developing,62.7,-1.101860215,-1.166822204,-1.439029792,Low
Mauritania,2014,Developing,63,-1.117978041,-1.0749425,-0.160858089,Low
Mauritania,2015,Developing,63.1,-1.126036954,-1.0749425,-0.239383539,Low
Mauritius,2000,Developing,71,0.098917807,0.0276139478,0.4571051655,High
Mauritius,2001,Developing,71.5,0.098917807,0.0582405158,0.4466537095,High
Mauritius,2002,Developing,71.5,0.1150356328,0.1501202197,0.4713378854,High
Mauritius,2003,Developing,71.5,0.0747410683,0.1807467877,0.5612862025,High
Mauritius,2004,Developing,71.9,0.0263875909,0.2419999237,0.632588951,High
Mauritius,2005,Developing,72.1,0.0263875909,0.3032530597,0.6199061903,High
Mauritius,2006,Developing,71.8,0.0022108522,0.4257593316,0.6819704578,High
Mauritius,2007,Developing,72.9,-0.030024799,0.4563858996,0.7649544119,High
Mauritius,2008,Developing,72.7,0.0102697651,0.4870124676,-1.759628124,High
Mauritius,2009,Developing,72.8,0.0102697651,0.5482656036,0.826923362,High
Mauritius,2010,Developing,73.3,-0.013906974,0.6095187396,-3.090627159,High
Mauritius,2011,Developing,73.6,-0.054201538,0.6401453076,0.9591257249,High
Mauritius,2012,Developing,73.9,-0.08643719,0.7013984435,0.965004935,High
Mauritius,2013,Developing,74.1,-0.14284958,0.8239047155,0.986156326,High
Mauritius,2014,Developing,74.2,-0.134790667,0.8239047155,-0.241544104,High
Mauritius,2015,Developing,74.6,-0.150908493,0.9770375554,0.9625649444,High
Mexico,2000,Developing,74.8,-0.287910012,-0.186772028,-0.553497881,High
Mexico,2001,Developing,75,-0.312086751,-0.125518892,-0.505312346,High
Mexico,2002,Developing,75,-0.304027838,-0.125518892,-0.516941289,High
Mexico,2003,Developing,75,-0.304027838,-0.033639188,0.7803503511,High
Mexico,2004,Developing,75.4,-0.328204577,0.0276139478,0.8174779238,High
Mexico,2005,Developing,75.3,-0.312086751,0.0582405158,0.8774990818,High
Mexico,2006,Developing,75.8,-0.320145664,0.0582405158,0.9314726794,High
Mexico,2007,Developing,76,-0.33626349,0.0888670838,-0.364267224,High
Mexico,2008,Developing,75.6,-0.304027838,0.0888670838,0.9892847555,High
Mexico,2009,Developing,75.7,-1.222743908,0.1501202197,0.8599497959,High
Mexico,2010,Developing,75.6,-0.304027838,0.1501202197,0.9439805027,High
Mexico,2011,Developing,76.1,-0.328204577,0.1807467877,0.997873356,High
Mexico,2012,Developing,76.3,-0.33626349,0.2113733557,-0.334557635,High
Mexico,2013,Developing,76.6,-1.230802821,0.2726264917,-0.173108331,High
Mexico,2014,Developing,76.6,-0.344322402,0.3338796277,-0.10853184,High
Mexico,2015,Developing,76.7,-0.344322402,0.3951327637,0.9557106192,High
Micronesia (Federated States of),2000,Developing,67,0.1633891102,-3.678200779,0.0049108092,Low
Micronesia (Federated States of),2001,Developing,67.2,0.1472712844,-0.584917412,0.0049108092,Low
Micronesia (Federated States of),2002,Developing,66.2,-1.158272605,-0.554290844,0.0049108092,Low
Micronesia (Federated States of),2003,Developing,67.5,-1.182449344,-0.493037708,0.0049108092,Low
Micronesia (Federated States of),2004,Developing,67.7,0.1150356328,-0.46241114,0.0049108092,Low
Micronesia (Federated States of),2005,Developing,67.9,0.1069767199,-0.401158004,0.0049108092,Low
Micronesia (Federated States of),2006,Developing,68,0.0908588941,-0.339904868,0.0049108092,Low
Micronesia (Federated States of),2007,Developing,68.2,0.0827999812,-0.3092783,0.0049108092,Low
Micronesia (Federated States of),2008,Developing,68.4,0.0747410683,-0.248025164,0.0049108092,Low
Micronesia (Federated States of),2009,Developing,68.5,0.0586232425,-0.186772028,0.0049108092,Low
Micronesia (Federated States of),2010,Developing,68.7,0.0505643296,-0.15614546,0.0049108092,Low
Micronesia (Federated States of),2011,Developing,68.9,0.0344465038,-0.094892324,0.0049108092,Low
Micronesia (Federated States of),2012,Developing,69,0.0263875909,-0.094892324,0.0049108092,Low
Micronesia (Federated States of),2013,Developing,69.2,0.0102697651,-0.094892324,0.0049108092,Low
Micronesia (Federated States of),2014,Developing,69.4,-0.005848061,-0.094892324,0.0049108092,Low
Micronesia (Federated States of),2015,Developing,69.4,0.0102697651,-0.094892324,0.0049108092,Low
Monaco,2013,Developing,72.1,-0.167026319,0.0888670838,0.0049108092,High
Mongolia,2000,Developing,62.8,0.8806323582,-0.952436228,-0.755932795,Low
Mongolia,2001,Developing,63.2,0.8161610551,-0.799303388,-0.698024164,Low
Mongolia,2002,Developing,63.8,0.7919843164,-0.584917412,-0.647973858,Low
Mongolia,2003,Developing,64,0.8564556195,-0.46241114,-0.576612164,Low
Mongolia,2004,Developing,64,0.9612214872,-0.248025164,-0.455003864,Low
Mongolia,2005,Developing,64.5,0.8806323582,-0.064265756,-0.325046012,Low
Mongolia,2006,Developing,65,0.8564556195,0.2113733557,-0.157387862,Low
Mongolia,2007,Developing,65.9,-1.117978041,0.3032530597,-0.040047548,Low
Mongolia,2008,Developing,67.4,0.4857456262,0.4257593316,0.1156099059,Low
Mongolia,2009,Developing,66.9,0.5663347552,0.5482656036,-0.011373048,Low
Mongolia,2010,Developing,66.3,-1.126036954,0.7013984435,-1.091767796,Low
Mongolia,2011,Developing,67.3,0.5663347552,0.7932781475,0.4431981567,Low
Mongolia,2012,Developing,67.8,0.5340991036,0.8239047155,0.5285320934,Low
Mongolia,2013,Developing,68.1,0.501863452,0.8239047155,0.5307200863,Low
Mongolia,2014,Developing,68.4,0.4857456262,0.8545312835,0.5031946409,Low
Mongolia,2015,Developing,68.8,0.4615688875,0.8545312835,0.4693864098,Low
Montenegro,2000,Developing,73,-0.167026319,-3.678200779,-0.04266658,High
Montenegro,2001,Developing,73.3,-0.231497622,-3.678200779,-1.256522198,High
Montenegro,2002,Developing,73.4,-0.231497622,-3.678200779,-1.210149716,High
Montenegro,2003,Developing,73.5,-0.247615448,-3.678200779,0.2689610245,High
Montenegro,2004,Developing,73.5,-0.247615448,0.1807467877,-0.951455659,High
Montenegro,2005,Developing,73.6,-0.255674361,0.2419999237,0.4284374114,High
Montenegro,2006,Developing,73.8,-1.222743908,0.3645061957,0.5304848091,High
Montenegro,2007,Developing,74.2,-0.320145664,0.4870124676,0.7079031817,High
Montenegro,2008,Developing,74.6,-0.352381315,0.6707718756,0.8275244213,High
Montenegro,2009,Developing,75,-0.384616967,0.7932781475,0.7757743398,High
Montenegro,2010,Developing,75.3,-0.400734793,0.9157844195,0.7743466797,High
Montenegro,2011,Developing,75.4,-0.416852619,0.9464109874,0.8269720524,High
Montenegro,2012,Developing,75.6,-1.238861734,0.9464109874,0.7660149055,High
Montenegro,2013,Developing,75.8,-1.174390431,0.9464109874,0.8164190965,High
Montenegro,2014,Developing,75.9,-1.190508257,0.9464109874,0.8316636592,High
Montenegro,2015,Developing,76.1,-1.19856717,0.9464109874,0.754884982,High
Morocco,2000,Developing,68.6,-1.19856717,-1.22807534,-0.158372309,Low
Morocco,2001,Developing,69,-0.078378277,-1.0749425,-0.156468284,Low
Morocco,2002,Developing,69.5,-1.206626083,-0.983062796,-0.124081467,Low
Morocco,2003,Developing,69.9,-0.150908493,-0.829929956,-0.010002546,Low
Morocco,2004,Developing,72,-0.183144144,-0.738050252,0.0615779671,High
Morocco,2005,Developing,77,-0.223438709,-0.676797116,-1.216842731,High
Morocco,2006,Developing,71,-0.255674361,-0.61554398,0.129460839,High
Morocco,2007,Developing,71.4,-0.295968925,-0.61554398,0.2043408923,High
Morocco,2008,Developing,71.8,-0.33626349,-0.523664276,0.2884897994,High
Morocco,2009,Developing,72.3,-0.39267588,-0.46241114,0.2837803176,High
Morocco,2010,Developing,72.8,-1.238861734,-0.401158004,0.2782339227,High
Morocco,2011,Developing,73.3,-1.214684996,-0.248025164,-0.948527085,High
Morocco,2012,Developing,73.6,-0.529677399,-0.125518892,-1.031001639,High
Morocco,2013,Developing,73.9,-0.545795225,0.0276139478,0.3322671738,High
Morocco,2014,Developing,74.1,-0.553854138,0.0276139478,0.3401598255,High
Morocco,2015,Developing,74.3,-0.561913051,0.0276139478,0.2808887855,High
Mozambique,2000,Developing,49,-0.980976522,-2.024366107,-1.0655688,Low
Mozambique,2001,Developing,49.5,-0.940681957,-1.901859835,-1.111528814,Low
Mozambique,2002,Developing,49.8,2.02499799,-1.779353564,-1.097175302,Low
Mozambique,2003,Developing,51,2.0894692932,-1.626220724,-1.052707661,Low
Mozambique,2004,Developing,54,2.1297638577,-1.53434102,-0.954658935,Low
Mozambique,2005,Developing,58,2.1700584222,-1.442461316,-0.900796848,Low
Mozambique,2006,Developing,51.2,2.1700584222,-1.258701908,-0.875350658,Low
Mozambique,2007,Developing,52.1,2.0975282061,-1.166822204,-0.823207927,Low
Mozambique,2008,Developing,53.2,-0.964858696,-0.983062796,-2.022100086,Low
Mozambique,2009,Developing,53.8,-1.295274125,-0.860556524,-0.768710643,Low
Mozambique,2010,Developing,54,-0.94874087,-0.829929956,-0.827223348,Low
Mozambique,2011,Developing,54.3,-0.94874087,-0.76867682,-0.695397641,Low
Mozambique,2012,Developing,54.8,-0.940681957,-0.860556524,-0.65306168,Low
Mozambique,2013,Developing,55.3,-0.956799783,-0.891183092,-1.896730976,Low
Mozambique,2014,Developing,56.7,1.6945825611,-0.891183092,-0.597817967,Low
Mozambique,2015,Developing,57.6,1.5334043031,-0.891183092,-0.693444154,Low
Myanmar,2000,Developing,62.1,0.6308060584,-1.38120818,-1.275364009,Low
Myanmar,2001,Developing,62.5,0.5985704068,-1.350581612,-1.466089461,Low
Myanmar,2002,Developing,62.8,0.5663347552,-1.350581612,-1.446233926,Low
Myanmar,2003,Developing,63.2,0.5340991036,-1.319955044,-1.200759663,Low
Myanmar,2004,Developing,63.5,0.5099223649,-1.289328476,-1.200671917,Low
Myanmar,2005,Developing,63.9,0.4776867133,-1.258701908,-1.132658898,Low
Myanmar,2006,Developing,64.2,-1.150213692,-1.22807534,-1.02664936,Low
Myanmar,2007,Developing,64.5,0.421274323,-1.197448772,-2.165659687,Low
Myanmar,2008,Developing,59.2,1.057928442,-1.166822204,-0.578951806,Low
Myanmar,2009,Developing,65.2,0.3729208456,-1.0749425,-0.497146478,Low
Myanmar,2010,Developing,65.4,-1.093801302,-0.983062796,-0.33150203,Low
Myanmar,2011,Developing,65.6,-1.109919128,-0.891183092,-0.225485017,Low
Myanmar,2012,Developing,65.9,-1.126036954,-0.891183092,-0.232766473,Low
Myanmar,2013,Developing,66.2,-1.150213692,-0.891183092,-0.234122384,Low
Myanmar,2014,Developing,66.4,-1.158272605,-0.891183092,-0.189354863,Low
Myanmar,2015,Developing,66.6,0.2762138908,-0.891183092,-0.221516679,Low
Namibia,2000,Developing,57.4,-0.997094347,-0.15614546,-1.108033978,Low
Namibia,2001,Developing,56.5,2.105587119,-0.094892324,0.026548046,Low
Namibia,2002,Developing,55.7,2.3151188543,-0.064265756,-0.012864177,Low
Namibia,2003,Developing,55,2.4682381994,-0.094892324,0.2015549214,Low
Namibia,2004,Developing,54.7,2.5649451542,-0.094892324,0.3641783993,Low
Namibia,2005,Developing,55.1,2.5165916768,-0.125518892,0.4122397576,Low
Namibia,2006,Developing,57,2.1458816835,-0.186772028,0.4600891804,Low
Namibia,2007,Developing,60,1.541463216,-0.217398596,-0.822696345,Low
Namibia,2008,Developing,61.7,1.2271656129,-0.217398596,-0.813008104,Low
Namibia,2009,Developing,62.4,-1.037388912,-0.186772028,0.4992965089,Low
Namibia,2010,Developing,63,1.0821051807,-0.186772028,0.6283381038,Low
Namibia,2011,Developing,64.3,0.8322788809,-0.15614546,-1.98169624,Low
Namibia,2012,Developing,65.8,0.5421580165,-0.15614546,0.6873759075,Low
Namibia,2013,Developing,66.1,0.5421580165,-0.125518892,0.6604695584,Low
Namibia,2014,Developing,65.9,0.6227471455,-0.094892324,0.6533871334,Low
Namibia,2015,Developing,65.8,0.6711006229,-0.094892324,0.5754152574,Low
Nauru,2013,Developing,72.1,-0.167026319,-0.738050252,-1.47761914,High
Nepal,2000,Developing,62.5,0.5905114939,-0.952436228,-1.170900598,Low
Nepal,2001,Developing,63.2,-1.14215478,-0.92180966,-1.129449564,Low
Nepal,2002,Developing,63.1,0.5905114939,-1.044315932,-1.134691168,Low
Nepal,2003,Developing,64.3,-1.150213692,-0.860556524,-1.117690858,Low
Nepal,2004,Developing,64.7,0.4293332359,-0.829929956,-1.045570755,Low
Nepal,2005,Developing,65.4,-1.101860215,-0.799303388,-0.987274829,Low
Nepal,2006,Developing,66,-1.158272605,-0.738050252,-0.933883251,Low
Nepal,2007,Developing,66.6,0.2359193263,-0.61554398,-0.863290058,Low
Nepal,2008,Developing,67,0.1956247618,-0.584917412,-0.75638293,Low
Nepal,2009,Developing,67.5,0.1472712844,-0.46241114,-2.072080227,Low
Nepal,2010,Developing,68,0.1069767199,-0.278651732,-0.62742838,Low
Nepal,2011,Developing,68.4,0.0586232425,-0.00301262,-0.537228608,Low
Nepal,2012,Developing,68.9,0.018328678,0.0888670838,-0.54592193,Low
Nepal,2013,Developing,69.3,-0.021965886,0.0888670838,-0.54016064,Low
Nepal,2014,Developing,69.6,-0.054201538,0.1194936518,-1.813186983,Low
Nepal,2015,Developing,69.2,0.0022108522,0.0582405158,-0.495598139,Low
Netherlands,2000,Developed,78.1,-0.650561093,1.3751829393,1.5584707638,High
Netherlands,2001,Developed,78.3,-0.666678918,1.4364360753,1.5730795237,High
Netherlands,2002,Developed,78.4,-0.674737831,1.4976892112,1.6197374862,High
Netherlands,2003,Developed,78.7,-1.263038473,1.3751829393,1.736206055,High
Netherlands,2004,Developed,79.2,-0.706973483,1.3751829393,1.8087511917,High
Netherlands,2005,Developed,79.4,-0.747268047,1.3445563713,1.8317765122,High
Netherlands,2006,Developed,79.8,-0.75532696,1.3751829393,1.8704755202,High
Netherlands,2007,Developed,82,-0.779503699,1.4058095073,1.9526662325,High
Netherlands,2008,Developed,83,-0.779503699,1.4670626433,2.0135496429,High
Netherlands,2009,Developed,86,-0.803680438,1.4976892112,-0.703342296,High
Netherlands,2010,Developed,88,-0.811739351,1.5283157792,0.6444532498,High
Netherlands,2011,Developed,81.1,-0.819798264,1.5895689152,0.6462274365,High
Netherlands,2012,Developed,81.1,-0.827857176,1.8652080271,1.9323727025,High
Netherlands,2013,Developed,81.4,-1.279156299,1.8652080271,1.9564150651,High
Netherlands,2014,Developed,81.7,-0.860092828,1.8652080271,1.9629167913,High
Netherlands,2015,Developed,81.9,-0.868151741,1.8652080271,1.8683756614,High
New Zealand,2000,Developed,78.6,-0.626384354,1.5895689152,1.1871342228,High
New Zealand,2001,Developed,78.5,-0.658620006,1.6508220512,1.1972946815,High
New Zealand,2002,Developed,78.7,-0.658620006,1.6814486192,1.310168913,High
New Zealand,2003,Developed,79.1,-0.666678918,1.8958345951,1.4613270826,High
New Zealand,2004,Developed,79.2,-0.690855657,1.9570877311,0.2153766333,High
New Zealand,2005,Developed,79.9,-0.69891457,2.110220571,0.2662007137,High
New Zealand,2006,Developed,79.9,-0.715032396,2.171473707,0.2432398329,High
New Zealand,2007,Developed,81,-0.715032396,2.202100275,0.3591391223,High
New Zealand,2008,Developed,81,-0.723091309,2.293979979,1.6673141508,High
New Zealand,2009,Developed,85,-0.739209135,2.232726843,-1.054644974,High
New Zealand,2010,Developed,89,-0.75532696,2.5389925229,1.7101260608,High
New Zealand,2011,Developed,86,-0.747268047,2.3552331149,1.7861945759,High
New Zealand,2012,Developed,81.1,-1.271097386,2.293979979,0.4771178249,High
New Zealand,2013,Developed,81.3,-0.771444786,2.232726843,1.8497569719,High
New Zealand,2014,Developed,81.5,-0.787562612,2.202100275,0.5396032647,High
New Zealand,2015,Developed,81.6,-0.795621525,2.202100275,0.4511680452,High
Nicaragua,2000,Developing,73,0.2198015005,-0.584917412,-1.569040036,High
Nicaragua,2001,Developing,73,0.2278604134,-0.493037708,-1.446639239,High
Nicaragua,2002,Developing,75,0.260096065,-0.401158004,-2.925326316,High
Nicaragua,2003,Developing,76,0.2681549779,-0.3092783,-1.572577849,High
Nicaragua,2004,Developing,71,0.2359193263,-0.3092783,-1.280283049,High
Nicaragua,2005,Developing,71.2,0.2359193263,-0.3092783,-0.231024463,High
Nicaragua,2006,Developing,73,-1.190508257,-0.3092783,-1.527217768,High
Nicaragua,2007,Developing,72.5,0.0666821554,-0.3092783,-0.153213397,High
Nicaragua,2008,Developing,72.5,0.0344465038,-0.278651732,-0.082604773,High
Nicaragua,2009,Developing,73.2,-0.013906974,-0.217398596,-0.103685011,High
Nicaragua,2010,Developing,73.2,-0.08643719,-0.186772028,-0.079700937,High
Nicaragua,2011,Developing,74.5,-0.14284958,-0.15614546,-0.02325927,High
Nicaragua,2012,Developing,73.9,-0.062260451,-0.15614546,0.0131785473,High
Nicaragua,2013,Developing,73.9,-0.062260451,-0.15614546,0.0306028813,High
Nicaragua,2014,Developing,74.5,-0.134790667,-0.125518892,0.0694351787,High
Nicaragua,2015,Developing,74.8,-0.158967406,-0.094892324,-1.028612827,High
Niger,2000,Developing,50,0.9612214872,-2.820656875,-1.390000516,Low
Niger,2001,Developing,56,0.9531625743,-2.790030307,-1.365690941,Low
Niger,2002,Developing,51.4,0.9451036614,-2.790030307,-1.323282719,Low
Niger,2003,Developing,52.1,-1.101860215,-2.759403739,-1.211189788,Low
Niger,2004,Developing,52.9,0.9209269227,-2.728777171,-1.168056699,Low
Niger,2005,Developing,53.7,0.9128680098,-2.606270899,-2.449325612,Low
Niger,2006,Developing,54.5,0.9048090969,-2.545017763,-1.106984981,Low
Niger,2007,Developing,55.2,0.896750184,-2.514391195,-1.035309792,Low
Niger,2008,Developing,56,0.8645145324,-2.453138059,-0.923707842,Low
Niger,2009,Developing,57.1,0.7919843164,-2.391884923,-0.946194852,Low
Niger,2010,Developing,58.2,0.7033362745,-2.300005219,-0.934680099,Low
Niger,2011,Developing,59.4,0.6146882326,-2.208125515,-0.890812253,Low
Niger,2012,Developing,63,0.5421580165,-2.116245811,-0.866779271,Low
Niger,2013,Developing,69,0.501863452,-2.054992675,-0.83148515,Low
Niger,2014,Developing,61.4,0.4696278004,-2.054992675,-2.135806122,Low
Niger,2015,Developing,61.8,-1.150213692,-2.024366107,-0.916935412,Low
Nigeria,2000,Developing,47.1,-0.964858696,-1.350581612,-0.885389892,Low
Nigeria,2001,Developing,47.4,-0.940681957,-1.22807534,-0.928650435,Low
Nigeria,2002,Developing,47.7,-0.932623044,-1.319955044,-0.774217939,Low
Nigeria,2003,Developing,48.1,-0.997094347,-1.197448772,-0.710843845,Low
Nigeria,2004,Developing,48.5,-0.94874087,-1.0749425,-0.574598677,Low
Nigeria,2005,Developing,49.2,-1.295274125,-0.952436228,-1.730898472,Low
Nigeria,2006,Developing,49.8,1.863819732,-0.92180966,-1.552035178,Low
Nigeria,2007,Developing,55,1.7993484288,-0.891183092,-0.250184316,Low
Nigeria,2008,Developing,59,1.783230603,-0.860556524,-0.136431041,Low
Nigeria,2009,Developing,51.6,1.702641474,-0.829929956,-1.262121094,Low
Nigeria,2010,Developing,52,1.6865236482,-0.76867682,0.1642500432,Low
Nigeria,2011,Developing,52.3,1.6945825611,-0.738050252,0.2120780519,Low
Nigeria,2012,Developing,52.7,1.6865236482,-0.707423684,0.2618926871,Low
Nigeria,2013,Developing,53.2,1.6301112579,-0.676797116,0.3105241257,Low
Nigeria,2014,Developing,53.6,1.5898166934,-0.61554398,0.3523463252,Low
Nigeria,2015,Developing,54.5,1.4447562612,-0.61554398,0.2404782792,Low
Niue,2013,Developing,72.1,-0.167026319,0.0888670838,0.0049108092,High
Norway,2000,Developed,78.5,-0.64250218,1.5589423472,1.7819666995,High
Norway,2001,Developed,78.8,-0.666678918,1.6814486192,1.7880436025,High
Norway,2002,Developed,78.9,-0.674737831,1.5589423472,0.5275158653,High
Norway,2003,Developed,79.4,-0.69891457,1.5589423472,0.619363302,High
Norway,2004,Developed,79.8,-0.706973483,1.6814486192,0.6881622831,High
Norway,2005,Developed,81,-0.739209135,1.7120751872,2.1058288236,High
Norway,2006,Developed,84,-1.271097386,1.6814486192,2.1661474178,High
Norway,2007,Developed,85,-0.787562612,1.7120751872,2.2462893309,High
Norway,2008,Developed,86,-0.787562612,1.7120751872,0.9892290694,High
Norway,2009,Developed,89,-0.787562612,1.6508220512,-0.44072569,High
Norway,2010,Developed,81,-0.795621525,1.6508220512,2.2631511583,High
Norway,2011,Developed,81.1,-0.787562612,1.7120751872,-0.061613163,High
Norway,2012,Developed,81.3,-0.835916089,1.7120751872,1.091567684,High
Norway,2013,Developed,81.5,-0.827857176,1.6814486192,-0.176427875,High
Norway,2014,Developed,81.6,-0.835916089,1.7427017552,-0.338713572,High
Norway,2015,Developed,81.8,-0.852033915,1.7427017552,0.8376612182,High
Oman,2000,Developing,72.6,-0.215379796,-0.493037708,-0.410808515,High
Oman,2001,Developing,72.9,-0.247615448,-0.401158004,0.9119281625,High
Oman,2002,Developing,73.3,-1.222743908,-0.3092783,0.9222422477,High
Oman,2003,Developing,73.6,-0.304027838,-0.248025164,-0.342094995,High
Oman,2004,Developing,74,-0.344322402,-0.15614546,-0.254033947,High
Oman,2005,Developing,74.3,-0.376558054,-0.15614546,1.1308809444,High
Oman,2006,Developing,74.7,-0.400734793,-0.125518892,-0.110018454,High
Oman,2007,Developing,74.9,-0.416852619,-0.15614546,-0.057898808,High
Oman,2008,Developing,75.2,-1.174390431,-0.033639188,0.1511862339,High
Oman,2009,Developing,75.4,-1.182449344,0.1194936518,1.3070767173,High
Oman,2010,Developing,75.6,-1.19856717,0.4563858996,0.0555915686,High
Oman,2011,Developing,75.8,-1.206626083,0.4870124676,0.3084737932,High
Oman,2012,Developing,76,-1.214684996,0.5176390356,1.4671348638,High
Oman,2013,Developing,76.2,-1.230802821,0.5176390356,1.4440454628,High
Oman,2014,Developing,76.4,-1.238861734,0.5176390356,0.1959549872,High
Oman,2015,Developing,76.6,-0.529677399,0.5176390356,1.3016412431,High
Pakistan,2000,Developing,62.8,-1.174390431,-2.054992675,-0.687399481,Low
Pakistan,2001,Developing,63,0.1956247618,-2.024366107,-2.038340572,Low
Pakistan,2002,Developing,63.2,0.179506936,-1.993739539,-0.725462434,Low
Pakistan,2003,Developing,63.5,0.1633891102,-1.963112971,-0.656050348,Low
Pakistan,2004,Developing,63.7,0.1472712844,-1.963112971,-0.573679018,Low
Pakistan,2005,Developing,62.9,-1.31139195,-1.809980132,-0.521276208,Low
Pakistan,2006,Developing,64.2,0.1150356328,-1.68747386,-0.402415534,LowPakistan,2007,Developing,64.4,0.1069767199,-1.626220724,-1.683297918,Low
Pakistan,2008,Developing,64.6,0.098917807,-1.442461316,-1.464476417,Low
Pakistan,2009,Developing,64.8,0.0827999812,-1.442461316,-2.693597932,Low
Pakistan,2010,Developing,65.1,0.0586232425,-1.38120818,-2.787674841,Low
Pakistan,2011,Developing,65.5,0.018328678,-1.38120818,-0.206403209,Low
Pakistan,2012,Developing,65.7,0.0022108522,-1.350581612,-0.19009005,Low
Pakistan,2013,Developing,66,-0.013906974,-1.319955044,-0.184998192,Low
Pakistan,2014,Developing,66.2,-0.021965886,-1.289328476,-0.165093717,Low
Pakistan,2015,Developing,66.4,-0.030024799,-1.197448772,-0.116970333,Low
Palau,2013,Developing,72.1,-0.167026319,0.6707718756,0.0566028446,High
Panama,2000,Developing,75.7,-0.352381315,0.0276139478,-2.101675718,High
Panama,2001,Developing,75.5,-0.328204577,0.1194936518,-0.79092962,High
Panama,2002,Developing,75.7,-0.320145664,0.1807467877,0.4954748719,High
Panama,2003,Developing,75.5,-0.312086751,0.2419999237,0.5149095798,High
Panama,2004,Developing,75.8,-0.33626349,0.2419999237,0.5573373909,High
Panama,2005,Developing,75.8,-0.344322402,0.2726264917,0.596852812,High
Panama,2006,Developing,76.2,-0.320145664,0.2726264917,0.6455643047,High
Panama,2007,Developing,76.4,-0.328204577,0.2726264917,-0.556993555,High
Panama,2008,Developing,76.5,-0.304027838,0.2419999237,0.7990569389,High
Panama,2009,Developing,76.8,-0.304027838,0.2419999237,0.835670139,High
Panama,2010,Developing,76.5,-0.344322402,0.2419999237,0.8739001459,High
Panama,2011,Developing,77.3,-0.352381315,0.2726264917,-0.367759793,High
Panama,2012,Developing,77.2,-1.230802821,0.2419999237,-0.056188126,High
Panama,2013,Developing,77.5,-0.376558054,0.2726264917,1.0976508407,High
Panama,2014,Developing,77.6,-0.368499141,0.3032530597,1.1409233712,High
Panama,2015,Developing,77.8,-0.376558054,0.3032530597,1.1652394953,High
Papua New Guinea,2000,Developing,58.9,1.3722260451,-1.779353564,-0.589836724,Low
Papua New Guinea,2001,Developing,59.1,1.3399903935,-1.656847292,-0.681414087,Low
Papua New Guinea,2002,Developing,59.3,1.3077547419,-1.564967588,-0.711963549,Low
Papua New Guinea,2003,Developing,59.6,1.2594012645,-1.473087884,-0.631176944,Low
Papua New Guinea,2004,Developing,59.9,1.2029888742,-1.350581612,-0.58490159,Low
Papua New Guinea,2005,Developing,64,-1.029329999,-1.258701908,-1.803118589,Low
Papua New Guinea,2006,Developing,68,1.0821051807,-1.166822204,-0.415420437,Low
Papua New Guinea,2007,Developing,61.1,1.0498695291,-1.044315932,-0.349987981,Low
Papua New Guinea,2008,Developing,61.4,-1.093801302,-0.952436228,-0.22925097,Low
Papua New Guinea,2009,Developing,61.6,0.9934571388,-0.860556524,-0.235200293,Low
Papua New Guinea,2010,Developing,61.8,0.977339313,-0.738050252,-0.143586657,Low
Papua New Guinea,2011,Developing,62,0.9692804001,-0.646170548,-1.323156737,Low
Papua New Guinea,2012,Developing,62.2,0.9612214872,-0.646170548,-1.078908755,Low
Papua New Guinea,2013,Developing,62.4,0.9370447485,-0.61554398,-1.174591269,Low
Papua New Guinea,2014,Developing,62.7,0.9128680098,-0.61554398,0.1271435013,Low
Papua New Guinea,2015,Developing,62.9,0.8886912711,-0.61554398,0.0049108092,Low
Paraguay,2000,Developing,79,0.0586232425,-0.125518892,-0.072497646,High
Paraguay,2001,Developing,71.2,-1.190508257,-0.064265756,-0.122647696,High
Paraguay,2002,Developing,71.5,0.0263875909,0.0582405158,-0.244412619,High
Paraguay,2003,Developing,71.7,0.0102697651,0.2113733557,-0.23119031,High
Paraguay,2004,Developing,71.9,0.0022108522,0.0276139478,-1.427427167,High
Paraguay,2005,Developing,72.1,-0.013906974,0.0888670838,-1.394803501,High
Paraguay,2006,Developing,72.3,-0.030024799,0.0276139478,-1.28585456,High
Paraguay,2007,Developing,72.5,-0.046142625,-0.00301262,0.160476413,High
Paraguay,2008,Developing,72.7,-0.062260451,-0.033639188,-0.91533464,High
Paraguay,2009,Developing,73,-0.078378277,0.0276139478,0.2282455601,High
Paraguay,2010,Developing,73.2,-0.102555015,0.1194936518,0.3530485676,High
Paraguay,2011,Developing,73.4,-1.206626083,0.0888670838,0.4757940739,High
Paraguay,2012,Developing,73.6,-0.134790667,0.0888670838,0.4562377009,High
Paraguay,2013,Developing,73.8,-0.134790667,0.0888670838,0.5430625112,High
Paraguay,2014,Developing,73.9,-0.14284958,0.0888670838,0.5723736162,High
Paraguay,2015,Developing,74,-0.150908493,0.0888670838,-0.827027579,High
Peru,2000,Developing,71.4,-0.08643719,0.4563858996,0.075625565,High
Peru,2001,Developing,72.4,-0.183144144,0.4257593316,0.0711248169,High
Peru,2002,Developing,72.6,-0.167026319,0.5788921716,-1.105355609,High
Peru,2003,Developing,72.1,-0.102555015,0.3951327637,-1.204780213,High
Peru,2004,Developing,72.2,-0.110613928,0.2419999237,0.1935244991,High
Peru,2005,Developing,72.8,-0.134790667,0.3032530597,0.2617845841,High
Peru,2006,Developing,74.2,-0.247615448,0.3032530597,0.3432659731,High
Peru,2007,Developing,74,-0.255674361,0.3645061957,0.4183697947,High
Peru,2008,Developing,73.9,-0.215379796,0.3645061957,-0.814056439,High
Peru,2009,Developing,73.8,-1.214684996,0.3951327637,0.501164641,High
Peru,2010,Developing,73.7,-1.214684996,0.3951327637,-0.699850958,High
Peru,2011,Developing,74.5,-0.255674361,0.4257593316,0.6895968959,High
Peru,2012,Developing,74.9,-0.287910012,0.4257593316,0.7482756313,High
Peru,2013,Developing,75.3,-0.320145664,0.4257593316,0.7656984064,High
Peru,2014,Developing,75.3,-0.320145664,0.4257593316,0.7575940739,High
Peru,2015,Developing,75.5,-0.33626349,0.4257593316,-1.920371139,High
Philippines,2000,Developing,66.8,0.4373921488,-0.186772028,-1.466110936,Low
Philippines,2001,Developing,66.8,0.4535099746,-0.186772028,-0.349614143,Low
Philippines,2002,Developing,66.8,0.4535099746,-0.186772028,-4.019490409,Low
Philippines,2003,Developing,67.2,0.421274323,-0.125518892,-2.904637562,Low
Philippines,2004,Developing,67.3,0.4293332359,-0.125518892,-1.31828498,Low
Philippines,2005,Developing,67,0.4696278004,-0.125518892,-0.221465459,Low
Philippines,2006,Developing,67.3,0.4373921488,-0.15614546,-0.133147163,Low
Philippines,2007,Developing,67.5,0.4132154101,-0.186772028,-0.02680075,Low
Philippines,2008,Developing,67.5,0.421274323,-0.15614546,0.0528014085,Low
Philippines,2009,Developing,68,0.4373921488,-0.094892324,0.0237177522,Low
Philippines,2010,Developing,67.9,0.4293332359,-0.186772028,0.1128658048,Low
Philippines,2011,Developing,68,0.4293332359,-0.15614546,0.1704774834,Low
Philippines,2012,Developing,68.1,0.421274323,-0.125518892,0.2242762722,Low
Philippines,2013,Developing,68.1,0.4373921488,-0.094892324,-1.068408071,Low
Philippines,2014,Developing,68.4,0.3970975843,-0.094892324,0.2800049621,Low
Philippines,2015,Developing,68.5,0.3729208456,-0.094892324,0.2871630927,Low
Poland,2000,Developed,73.7,-0.094496103,0.7932781475,0.5447088541,High
Poland,2001,Developed,74.2,-0.126731754,0.8239047155,0.6044093049,High
Poland,2002,Developed,74.5,-0.158967406,0.9157844195,0.6289337819,High
Poland,2003,Developed,74.7,-0.183144144,1.0076641234,0.6817220944,High
Poland,2004,Developed,74.9,-0.175085232,1.0689172594,0.7742512507,High
Poland,2005,Developed,75,-0.167026319,0.8545312835,-0.438273114,High
Poland,2006,Developed,75.2,-0.167026319,0.9157844195,-1.687313361,High
Poland,2007,Developed,75.3,-0.167026319,0.9157844195,-0.255557391,High
Poland,2008,Developed,75.5,-1.214684996,0.9157844195,-1.455683126,High
Poland,2009,Developed,75.7,-0.231497622,0.9464109874,1.0897573928,High
Poland,2010,Developed,76.3,-1.222743908,0.9464109874,1.1411891297,High
Poland,2011,Developed,76.7,-0.295968925,1.0382906914,1.1977249596,High
Poland,2012,Developed,76.8,-0.320145664,1.0076641234,1.1657110406,High
Poland,2013,Developed,77.1,-1.230802821,1.0382906914,-0.138669129,High
Poland,2014,Developed,77.3,-1.230802821,1.3445563713,1.2161023812,High
Poland,2015,Developed,77.5,-0.384616967,1.3445563713,1.1396474093,High
Portugal,2000,Developed,76.6,-1.238861734,1.0689172594,-0.242317282,High
Portugal,2001,Developed,76.9,-1.238861734,1.1301703954,1.0997835549,High
Portugal,2002,Developed,77.2,-1.190508257,1.1914235314,1.1540270695,High
Portugal,2003,Developed,77.3,-1.206626083,1.1607969634,1.2711189894,High
Portugal,2004,Developed,78,-0.529677399,1.1914235314,0.0300983822,High
Portugal,2005,Developed,77.7,-1.238861734,1.0382906914,1.3722137056,High
Portugal,2006,Developed,78.5,-0.553854138,1.0382906914,1.4032804966,High
Portugal,2007,Developed,78.7,-0.569971964,1.0382906914,0.1520070012,High
Portugal,2008,Developed,79,-0.586089789,1.1607969634,1.5332612728,High
Portugal,2009,Developed,79.3,-1.25497956,1.2220500993,0.1732868084,High
Portugal,2010,Developed,79.6,-0.618325441,1.2220500993,1.4775903734,High
Portugal,2011,Developed,82,-0.64250218,1.2833032353,1.4942237804,High
Portugal,2012,Developed,83,-0.674737831,1.3139298033,0.2232914109,High
Portugal,2013,Developed,86,-0.690855657,1.3139298033,1.4534861686,High
Portugal,2014,Developed,89,-0.69891457,1.4670626433,0.1517408043,High
Portugal,2015,Developed,81.1,-0.715032396,1.4058095073,0.0537693838,High
Qatar,2000,Developing,76.2,-0.618325441,0.3032530597,1.6427381032,High
Qatar,2001,Developing,76.3,-0.626384354,0.1807467877,0.2801469614,High
Qatar,2002,Developing,76.4,-0.64250218,0.0582405158,0.311043196,High
Qatar,2003,Developing,76.5,-0.64250218,0.2419999237,1.7184041939,High
Qatar,2004,Developing,76.6,-0.650561093,0.4563858996,1.8351222334,High
Qatar,2005,Developing,76.6,-0.650561093,0.5176390356,1.955449793,High
Qatar,2006,Developing,76.6,-0.658620006,0.5176390356,0.7362689553,High
Qatar,2007,Developing,76.7,-0.658620006,0.1807467877,-0.551188963,High
Qatar,2008,Developing,76.8,-0.666678918,-0.094892324,2.2314141541,High
Qatar,2009,Developing,77,-0.690855657,-0.064265756,2.0580204683,High
Qatar,2010,Developing,77.3,-0.715032396,-0.00301262,-0.50149004,High
Qatar,2011,Developing,77.5,-0.731150222,0.1194936518,2.2518350123,High
Qatar,2012,Developing,77.8,-0.747268047,0.4257593316,2.269178539,High
Qatar,2013,Developing,77.9,-1.271097386,0.4257593316,0.9358731572,High
Qatar,2014,Developing,78.1,-0.771444786,0.4257593316,2.2578869182,High
Qatar,2015,Developing,78.2,-0.779503699,0.4257593316,2.1021017934,High
Republic of Korea,2000,Developing,76,-0.39267588,0.0888670838,0.0049108092,High
Republic of Korea,2001,Developing,76.7,-1.190508257,0.0888670838,0.0049108092,High
Republic of Korea,2002,Developing,77.1,-0.529677399,0.0888670838,0.0049108092,High
Republic of Korea,2003,Developing,77.6,-0.561913051,0.0888670838,0.0049108092,High
Republic of Korea,2004,Developing,78.2,-0.610266528,0.0888670838,0.0049108092,High
Republic of Korea,2005,Developing,78.7,-0.650561093,0.0888670838,0.0049108092,High
Republic of Korea,2006,Developing,79.4,-0.690855657,0.0888670838,0.0049108092,High
Republic of Korea,2007,Developing,79.8,-0.706973483,0.0888670838,0.0049108092,High
Republic of Korea,2008,Developing,83,-0.723091309,0.0888670838,0.0049108092,High
Republic of Korea,2009,Developing,86,-0.723091309,0.0888670838,0.0049108092,High
Republic of Korea,2010,Developing,87,-0.731150222,0.0888670838,0.0049108092,High
Republic of Korea,2011,Developing,81.1,-0.747268047,0.0888670838,0.0049108092,High
Republic of Korea,2012,Developing,81.2,-0.771444786,0.0888670838,0.0049108092,High
Republic of Korea,2013,Developing,81.7,-0.779503699,0.0888670838,0.0049108092,High
Republic of Korea,2014,Developing,82,-0.795621525,0.0888670838,0.0049108092,High
Republic of Korea,2015,Developing,82.3,-0.811739351,0.0888670838,0.0049108092,High
Republic of Moldova,2000,Developing,67.1,0.5663347552,0.0888670838,0.0049108092,Low
Republic of Moldova,2001,Developing,67.6,0.5099223649,0.0888670838,0.0049108092,Low
Republic of Moldova,2002,Developing,67.5,0.4857456262,0.0888670838,0.0049108092,Low
Republic of Moldova,2003,Developing,67.6,0.4938045391,0.0888670838,0.0049108092,Low
Republic of Moldova,2004,Developing,68,0.4857456262,0.0888670838,0.0049108092,Low
Republic of Moldova,2005,Developing,67.3,0.6711006229,0.0888670838,0.0049108092,Low
Republic of Moldova,2006,Developing,68,0.6227471455,0.0888670838,0.0049108092,Low
Republic of Moldova,2007,Developing,68.3,0.582452581,0.0888670838,0.0049108092,Low
Republic of Moldova,2008,Developing,68.9,0.5099223649,0.0888670838,0.0049108092,Low
Republic of Moldova,2009,Developing,69,0.4293332359,0.0888670838,0.0049108092,Low
Republic of Moldova,2010,Developing,68.8,0.4373921488,0.0888670838,0.0049108092,Low
Republic of Moldova,2011,Developing,77,0.098917807,0.0888670838,0.0049108092,High
Republic of Moldova,2012,Developing,79,0.0827999812,0.0888670838,0.0049108092,High
Republic of Moldova,2013,Developing,71.7,-0.013906974,0.0888670838,0.0049108092,High
Republic of Moldova,2014,Developing,71.8,-0.021965886,0.0888670838,0.0049108092,High
Republic of Moldova,2015,Developing,72.1,-0.062260451,0.0888670838,0.0049108092,High
Romania,2000,Developed,77,0.0827999812,-0.15614546,-0.028366871,High
Romania,2001,Developed,78,0.1150356328,-0.094892324,0.028259277,High
Romania,2002,Developed,77,0.1069767199,-0.00301262,0.1116079834,High
Romania,2003,Developed,71.1,0.0747410683,0.1501202197,0.2660049539,High
Romania,2004,Developed,71.7,0.0022108522,0.2726264917,0.4089568713,High
Romania,2005,Developed,71.9,-0.021965886,0.4257593316,0.5678753749,High
Romania,2006,Developed,72.5,-0.062260451,0.5176390356,0.6952993256,High
Romania,2007,Developed,72.9,-0.08643719,0.6401453076,0.8937372191,High
Romania,2008,Developed,73.1,-0.046142625,0.8239047155,-0.250365525,High
Romania,2009,Developed,73.1,-0.054201538,1.0382906914,-0.437617245,High
Romania,2010,Developed,73.4,-0.094496103,1.1607969634,0.8995734452,High
Romania,2011,Developed,74.3,-0.207320883,1.1301703954,-1.702743932,High
Romania,2012,Developed,74.4,-0.215379796,1.0076641234,0.9174821523,High
Romania,2013,Developed,74.6,-0.215379796,0.8239047155,0.9830269044,High
Romania,2014,Developed,74.8,-0.239556535,0.8239047155,-2.869473212,High
Romania,2015,Developed,75,-0.255674361,0.8239047155,0.9439293155,High
Russian Federation,2000,Developing,65,-1.029329999,0.0276139478,0.0064274653,Low
Russian Federation,2001,Developing,65.1,-1.021271086,0.1501202197,-2.549091968,Low
Russian Federation,2002,Developing,64.8,1.1949299613,0.2419999237,0.1761237883,Low
Russian Federation,2003,Developing,64.6,1.2674601774,0.3645061957,0.3062950734,Low
Russian Federation,2004,Developing,64.9,1.2594012645,0.4870124676,-0.836757754,Low
Russian Federation,2005,Developing,65,1.3077547419,0.5176390356,0.6428494187,Low
Russian Federation,2006,Developing,66.4,-1.303333037,0.5482656036,-0.537163663,Low
Russian Federation,2007,Developing,67.3,0.9451036614,0.5482656036,-0.378120624,Low
Russian Federation,2008,Developing,67.5,0.9128680098,0.5788921716,1.095135026,Low
Russian Federation,2009,Developing,68.2,0.7758664906,0.6095187396,0.9177860989,Low
Russian Federation,2010,Developing,68.4,0.7355719261,0.5176390356,-0.026005144,Low
Russian Federation,2011,Developing,69.4,0.6227471455,0.6095187396,1.2108764539,Low
Russian Federation,2012,Developing,69.6,0.582452581,0.7013984435,1.2479885586,Low
Russian Federation,2013,Developing,70,0.5179812778,0.7932781475,1.2626571913,High
Russian Federation,2014,Developing,73,0.4857456262,0.8851578515,1.2073360313,High
Russian Federation,2015,Developing,75,0.4615688875,0.9157844195,0.9673702198,High
Rwanda,2000,Developing,48.3,2.105587119,-1.656847292,-1.210338401,Low
Rwanda,2001,Developing,48.6,2.2022940738,-1.503714452,-2.543506782,Low
Rwanda,2002,Developing,57,2.0169390771,-1.473087884,-1.265242126,Low
Rwanda,2003,Developing,52,-0.940681957,-1.350581612,-1.219809692,Low
Rwanda,2004,Developing,53.4,1.8718786449,-1.166822204,-1.157348932,Low
Rwanda,2005,Developing,55.3,-1.029329999,-0.983062796,-1.044532662,Low
Rwanda,2006,Developing,57.6,1.3158136548,-0.829929956,-0.944373782,Low
Rwanda,2007,Developing,59.6,1.0498695291,-0.584917412,-2.120029353,Low
Rwanda,2008,Developing,68,0.9451036614,-0.493037708,-3.316480968,Low
Rwanda,2009,Developing,61,0.9934571388,-0.554290844,-0.681694527,Low
Rwanda,2010,Developing,62.8,-1.117978041,-0.61554398,-0.65615592,Low
Rwanda,2011,Developing,63.8,0.66304171,-0.554290844,-0.603384554,Low
Rwanda,2012,Developing,64.6,0.5985704068,-0.46241114,-0.548469012,Low
Rwanda,2013,Developing,65.2,0.5502169294,-0.370531436,-0.539942638,Low
Rwanda,2014,Developing,65.7,-1.14215478,-0.370531436,-1.810679157,Low
Rwanda,2015,Developing,66.1,0.501863452,-0.370531436,-1.851533839,Low
Saint Kitts and Nevis,2013,Developing,72.1,-0.167026319,0.4257593316,0.0049108092,High
Saint Lucia,2000,Developing,71.6,0.1472712844,0.2419999237,0.0049108092,High
Saint Lucia,2001,Developing,71.8,0.1069767199,0.1807467877,0.0049108092,High
Saint Lucia,2002,Developing,72,0.0747410683,0.1501202197,0.0049108092,High
Saint Lucia,2003,Developing,72.2,0.0505643296,0.1194936518,0.0049108092,High
Saint Lucia,2004,Developing,72.6,0.0102697651,0.0888670838,0.0049108092,High
Saint Lucia,2005,Developing,73.1,-1.19856717,0.0582405158,0.0049108092,High
Saint Lucia,2006,Developing,73.5,-0.078378277,0.1194936518,0.0049108092,High
Saint Lucia,2007,Developing,73.9,-0.110613928,0.2419999237,0.0049108092,High
Saint Lucia,2008,Developing,74.1,-0.126731754,0.1807467877,0.0049108092,High
Saint Lucia,2009,Developing,74.3,-0.14284958,0.2113733557,0.0049108092,High
Saint Lucia,2010,Developing,74.2,-0.14284958,0.2419999237,0.0049108092,High
Saint Lucia,2011,Developing,74.6,-0.175085232,0.2726264917,0.0049108092,High
Saint Lucia,2012,Developing,74.7,-0.183144144,0.3032530597,0.0049108092,High
Saint Lucia,2013,Developing,74.8,-0.191203057,0.3338796277,0.0049108092,High
Saint Lucia,2014,Developing,75,-0.207320883,0.3338796277,0.0049108092,High
Saint Lucia,2015,Developing,75.2,-0.215379796,0.3338796277,0.0049108092,High
Saint Vincent and the Grenadines,2000,Developing,79,0.1714480231,0.2113733557,0.0049108092,High
Saint Vincent and the Grenadines,2001,Developing,79,0.1714480231,0.2419999237,0.0049108092,High
Saint Vincent and the Grenadines,2002,Developing,79,0.1714480231,0.2726264917,0.0049108092,High
Saint Vincent and the Grenadines,2003,Developing,71,0.1553301973,0.3032530597,0.0049108092,High
Saint Vincent and the Grenadines,2004,Developing,71.2,0.1311534586,0.3645061957,0.0049108092,High
Saint Vincent and the Grenadines,2005,Developing,71.4,0.098917807,0.3951327637,0.0049108092,High
Saint Vincent and the Grenadines,2006,Developing,71.7,0.0666821554,0.3951327637,0.0049108092,High
Saint Vincent and the Grenadines,2007,Developing,71.9,-1.190508257,0.3951327637,0.0049108092,High
Saint Vincent and the Grenadines,2008,Developing,72.1,0.018328678,0.3951327637,0.0049108092,High
Saint Vincent and the Grenadines,2009,Developing,72.3,0.0022108522,0.3951327637,0.0049108092,High
Saint Vincent and the Grenadines,2010,Developing,72.5,-0.021965886,0.3951327637,0.0049108092,High
Saint Vincent and the Grenadines,2011,Developing,72.7,-1.19856717,0.3951327637,0.0049108092,High
Saint Vincent and the Grenadines,2012,Developing,72.8,-0.046142625,0.3951327637,0.0049108092,High
Saint Vincent and the Grenadines,2013,Developing,72.7,-0.030024799,0.3951327637,0.0049108092,High
Saint Vincent and the Grenadines,2014,Developing,73.1,-0.062260451,0.3951327637,0.0049108092,High
Saint Vincent and the Grenadines,2015,Developing,73.2,-0.070319364,0.3951327637,0.0049108092,High
Samoa,2000,Developing,72,-1.182449344,0.0276139478,-1.403916843,High
Samoa,2001,Developing,75,0.0827999812,-0.00301262,-0.068823799,High
Samoa,2002,Developing,76,0.0747410683,0.0276139478,-0.041250747,High
Samoa,2003,Developing,79,0.0344465038,0.0888670838,-1.263196815,High
Samoa,2004,Developing,71.4,-0.021965886,0.1194936518,0.17018727,High
Samoa,2005,Developing,71.6,-1.19856717,0.1807467877,0.2219063993,High
Samoa,2006,Developing,72,-0.094496103,0.2113733557,-1.044468336,High
Samoa,2007,Developing,72.2,-0.126731754,0.2726264917,-0.978872967,High
Samoa,2008,Developing,72.5,-0.150908493,0.2726264917,-0.915607786,High
Samoa,2009,Developing,76,0.0586232425,0.2726264917,-0.956759176,High
Samoa,2010,Developing,72.6,-0.167026319,0.2726264917,0.3925371629,High
Samoa,2011,Developing,73,-0.207320883,0.2726264917,0.4692102211,High
Samoa,2012,Developing,73.2,-0.231497622,0.2726264917,0.5104760533,High
Samoa,2013,Developing,73.6,-0.271792186,0.2726264917,0.5084367064,High
Samoa,2014,Developing,73.8,-0.295968925,0.2726264917,0.5028334964,High
Samoa,2015,Developing,74,-0.320145664,0.2726264917,0.4987204424,High
San Marino,2013,Developing,72.1,-0.167026319,0.9464109874,0.0049108092,High
Sao Tome and Principe,2000,Developing,62.6,0.4776867133,-0.829929956,0.0049108092,Low
Sao Tome and Principe,2001,Developing,62.8,0.4857456262,-0.799303388,-2.04329354,Low
Sao Tome and Principe,2002,Developing,63.1,0.4938045391,-0.738050252,-0.664086452,Low
Sao Tome and Principe,2003,Developing,63.4,0.4857456262,-0.707423684,-0.574129658,Low
Sao Tome and Principe,2004,Developing,63.8,0.4776867133,-0.676797116,-0.536202388,Low
Sao Tome and Principe,2005,Developing,64.3,0.4615688875,-0.61554398,-1.77202537,Low
Sao Tome and Principe,2006,Developing,64.7,-1.150213692,-0.554290844,-0.422540892,Low
Sao Tome and Principe,2007,Developing,65.1,0.421274323,-0.523664276,-0.388577694,Low
Sao Tome and Principe,2008,Developing,65.4,0.4051564972,-0.493037708,-0.255483648,Low
Sao Tome and Principe,2009,Developing,65.8,-1.158272605,-0.584917412,-1.256558418,Low
Sao Tome and Principe,2010,Developing,66.2,-1.134095867,-0.431784572,-0.253795254,Low
Sao Tome and Principe,2011,Developing,66.6,0.2681549779,-0.431784572,-1.485561048,Low
Sao Tome and Principe,2012,Developing,66.9,0.2359193263,-0.370531436,-1.465985249,Low
Sao Tome and Principe,2013,Developing,67.1,0.2198015005,-0.3092783,-0.045479959,Low
Sao Tome and Principe,2014,Developing,67.3,0.2117425876,-0.278651732,0.0226193852,Low
Sao Tome and Principe,2015,Developing,67.5,-1.174390431,-0.248025164,-0.043658826,Low
Saudi Arabia,2000,Developing,72.6,-1.238861734,-0.064265756,0.9546864625,High
Saudi Arabia,2001,Developing,72.8,-1.190508257,-0.00301262,0.9232051531,High
Saudi Arabia,2002,Developing,72.9,-1.206626083,0.0276139478,0.9239954305,High
Saudi Arabia,2003,Developing,73,-1.222743908,0.0582405158,0.9819512425,High
Saudi Arabia,2004,Developing,73.1,-1.230802821,0.0888670838,1.069915749,High
Saudi Arabia,2005,Developing,73.1,-1.238861734,0.1194936518,1.1913044899,High
Saudi Arabia,2006,Developing,73.2,-1.319450863,0.1501202197,1.2548265715,High
Saudi Arabia,2007,Developing,73.2,-0.529677399,0.2113733557,1.2962168576,High
Saudi Arabia,2008,Developing,73.3,-0.537736312,0.2419999237,-1.155104852,High
Saudi Arabia,2009,Developing,73.4,-0.545795225,0.3032530597,-0.019376424,High
Saudi Arabia,2010,Developing,73.7,-0.569971964,0.3951327637,1.3866473834,High
Saudi Arabia,2011,Developing,73.9,-0.586089789,0.5788921716,0.1766477826,High
Saudi Arabia,2012,Developing,74.1,-1.25497956,0.7626515795,0.2134502116,High
Saudi Arabia,2013,Developing,74.3,-0.610266528,0.9770375554,1.5360214255,High
Saudi Arabia,2014,Developing,74.4,-0.618325441,1.1607969634,1.5276338514,High
Saudi Arabia,2015,Developing,74.5,-0.618325441,1.2526766673,0.2571632878,High
Senegal,2000,Developing,57.5,-1.126036954,-2.085619243,-0.756860514,Low
Senegal,2001,Developing,57.9,0.6952773616,-2.024366107,-0.747367758,Low
Senegal,2002,Developing,58.4,0.7033362745,-1.932486403,-0.710161533,Low
Senegal,2003,Developing,59,0.6952773616,-1.871233268,-0.580017277,Low
Senegal,2004,Developing,59.7,0.66304171,-1.779353564,-0.503572696,Low
Senegal,2005,Developing,65,0.6227471455,-1.718100428,-0.472646966,Low
Senegal,2006,Developing,61.3,0.5743936681,-1.656847292,-1.718241628,Low
Senegal,2007,Developing,62.1,-1.14215478,-1.595594156,-1.68350974,Low
Senegal,2008,Developing,62.8,0.4857456262,-1.503714452,-2.915575628,Low
Senegal,2009,Developing,63.5,0.4373921488,-1.38120818,-2.856008893,Low
Senegal,2010,Developing,64.3,0.3809797585,-1.319955044,-2.90073646,Low
Senegal,2011,Developing,64.9,-1.117978041,-1.258701908,-2.640074238,Low
Senegal,2012,Developing,65.6,-1.31139195,-1.136195636,-1.476479437,Low
Senegal,2013,Developing,66,0.2520371521,-1.013689364,-1.425932174,Low
Senegal,2014,Developing,66.4,0.2198015005,-0.891183092,-1.4123745,Low
Senegal,2015,Developing,66.7,0.1875658489,-0.76867682,-1.663676194,Low
Serbia,2000,Developing,72.6,-0.191203057,0.3032530597,-1.735904216,High
Serbia,2001,Developing,73.1,-0.239556535,0.3338796277,-0.040025859,High
Serbia,2002,Developing,72.9,-0.255674361,0.3645061957,0.118406264,High
Serbia,2003,Developing,73,-0.247615448,0.3032530597,0.2778765209,High
Serbia,2004,Developing,73,-0.247615448,0.3338796277,0.3716884837,High
Serbia,2005,Developing,73,-0.239556535,0.3645061957,0.404906345,High
Serbia,2006,Developing,73.6,-0.255674361,0.4257593316,0.4959810115,High
Serbia,2007,Developing,73.8,-0.263733273,0.4563858996,0.6572979098,High
Serbia,2008,Developing,74,-0.263733273,0.4563858996,-0.554484855,High
Serbia,2009,Developing,74.1,-0.271792186,0.4870124676,0.6945653226,High
Serbia,2010,Developing,74.4,-0.295968925,0.4870124676,0.6523762151,High
Serbia,2011,Developing,74.6,-0.304027838,0.4563858996,0.7514819517,High
Serbia,2012,Developing,74.9,-0.312086751,0.6095187396,0.67824302,High
Serbia,2013,Developing,75.3,-0.344322402,0.6401453076,0.7451923453,High
Serbia,2014,Developing,75.4,-0.33626349,0.7013984435,-1.931155523,High
Serbia,2015,Developing,75.6,-0.352381315,0.7320250115,0.6334044617,High
Seychelles,2000,Developing,71.8,0.1875658489,0.0888670838,0.847172783,High
Seychelles,2001,Developing,72,0.179506936,0.0582405158,0.853570178,High
Seychelles,2002,Developing,72.1,0.1714480231,0.0276139478,0.9019234212,High
Seychelles,2003,Developing,72.1,0.1633891102,0.0276139478,0.9152178695,High
Seychelles,2004,Developing,72.1,0.1714480231,0.0888670838,-0.230265695,High
Seychelles,2005,Developing,72.2,0.1633891102,0.0276139478,-0.22252179,High
Seychelles,2006,Developing,72.2,0.1633891102,0.3338796277,-0.21200385,High
Seychelles,2007,Developing,72.2,0.1633891102,0.3338796277,1.1204045694,High
Seychelles,2008,Developing,72.2,0.1553301973,0.3645061957,1.0690836645,High
Seychelles,2009,Developing,72.3,0.1392123715,0.3645061957,-0.337849655,High
Seychelles,2010,Developing,72.4,-1.182449344,0.3645061957,-1.301400659,High
Seychelles,2011,Developing,72.6,0.098917807,0.3951327637,1.1220735566,High
Seychelles,2012,Developing,72.7,0.0747410683,0.4563858996,1.1523581309,High
Seychelles,2013,Developing,72.9,0.0586232425,0.4563858996,1.2679791411,High
Seychelles,2014,Developing,73,-1.190508257,0.3645061957,-0.067967494,High
Seychelles,2015,Developing,73.2,0.0263875909,0.6401453076,-0.074808474,High
Sierra Leone,2000,Developing,39,2.9678907992,-1.626220724,-1.464468556,Low
Sierra Leone,2001,Developing,41,2.8550660186,-1.53434102,-1.180086271,Low
Sierra Leone,2002,Developing,48,2.8067125412,-1.473087884,-1.126383836,Low
Sierra Leone,2003,Developing,41.5,-0.868151741,-1.411834748,-1.095248207,Low
Sierra Leone,2004,Developing,42.3,2.6697110219,-1.350581612,-1.096600715,Low
Sierra Leone,2005,Developing,43.3,-0.940681957,-1.289328476,-1.0450204,Low
Sierra Leone,2006,Developing,44.3,2.4118258091,-1.22807534,-0.979284962,Low
Sierra Leone,2007,Developing,45.3,-0.964858696,-1.166822204,-0.917209128,Low
Sierra Leone,2008,Developing,46.2,2.2264708124,-1.136195636,-2.10071992,Low
Sierra Leone,2009,Developing,47.1,2.1619995093,-1.0749425,-0.862249959,Low
Sierra Leone,2010,Developing,48.1,2.0894692932,-1.013689364,-2.116492737,Low
Sierra Leone,2011,Developing,48.9,2.0411158158,-0.952436228,-0.792029332,Low
Sierra Leone,2012,Developing,49.7,1.9847034255,-0.891183092,-0.657793543,Low
Sierra Leone,2013,Developing,54,-0.94874087,-0.829929956,-1.847733525,Low
Sierra Leone,2014,Developing,48.1,2.4037668962,-0.76867682,-1.796725837,Low
Sierra Leone,2015,Developing,51,2.0008212513,-0.76867682,-0.631983701,Low
Singapore,2000,Developed,78.3,-0.69891457,0.1501202197,1.5089102533,High
Singapore,2001,Developed,78.7,-0.715032396,0.2113733557,1.4523893846,High
Singapore,2002,Developed,79,-0.731150222,0.1807467877,0.1361145877,High
Singapore,2003,Developed,79.3,-0.739209135,0.2113733557,1.5035602059,High
Singapore,2004,Developed,79.7,-0.75532696,0.2113733557,0.2597839492,High
Singapore,2005,Developed,82,-0.771444786,0.1807467877,1.6404876587,High
Singapore,2006,Developed,87,-0.795621525,0.5788921716,1.7082087773,High
Singapore,2007,Developed,81.1,-0.803680438,0.6401453076,1.798069418,High
Singapore,2008,Developed,81.4,-0.811739351,0.6707718756,1.8053657805,High
Singapore,2009,Developed,81.7,-0.827857176,0.7320250115,1.7884631212,High
Singapore,2010,Developed,82,-0.835916089,0.7626515795,1.8973700114,High
Singapore,2011,Developed,82.2,-1.279156299,0.9770375554,1.9740021362,High
Singapore,2012,Developed,82.5,-0.852033915,1.0382906914,1.9875982283,High
Singapore,2013,Developed,82.7,-0.868151741,1.0382906914,0.6751487685,High
Singapore,2014,Developed,82.9,-0.876210654,1.0382906914,2.0075020051,High
Singapore,2015,Developed,83.1,-0.884269567,1.0382906914,1.9790182621,High
Slovakia,2000,Developed,73,-0.14284958,0.3032530597,0.0049108092,High
Slovakia,2001,Developed,73.3,-0.158967406,0.3951327637,0.0049108092,High
Slovakia,2002,Developed,73.7,-0.158967406,0.3951327637,0.0049108092,High
Slovakia,2003,Developed,73.8,-0.167026319,0.4870124676,0.0049108092,High
Slovakia,2004,Developed,74.1,-0.215379796,0.5482656036,0.0049108092,High
Slovakia,2005,Developed,74,-0.191203057,0.6095187396,0.0049108092,High
Slovakia,2006,Developed,74.3,-0.215379796,0.7013984435,0.0049108092,High
Slovakia,2007,Developed,74.4,-1.214684996,0.7626515795,0.0049108092,High
Slovakia,2008,Developed,74.7,-0.231497622,0.8545312835,0.0049108092,High
Slovakia,2009,Developed,75,-0.271792186,0.8851578515,0.0049108092,High
Slovakia,2010,Developed,75.1,-0.328204577,0.9157844195,0.0049108092,High
Slovakia,2011,Developed,75.6,-0.344322402,0.9157844195,0.0049108092,High
Slovakia,2012,Developed,75.8,-0.376558054,0.9157844195,0.0049108092,High
Slovakia,2013,Developed,76.1,-0.408793706,0.9157844195,0.0049108092,High
Slovakia,2014,Developed,76.4,-0.416852619,0.9464109874,0.0049108092,High
Slovakia,2015,Developed,76.7,-1.174390431,0.9157844195,0.0049108092,High
Slovenia,2000,Developed,76,-0.344322402,0.7932781475,-0.205685949,High
Slovenia,2001,Developed,76.2,-0.328204577,0.8239047155,-0.097869338,High
Slovenia,2002,Developed,76.6,-0.384616967,1.0995438274,1.1040020665,High
Slovenia,2003,Developed,76.5,-0.368499141,1.2526766673,-0.094292736,High
Slovenia,2004,Developed,77.2,-0.416852619,1.4058095073,-0.008345096,High
Slovenia,2005,Developed,77.5,-1.214684996,1.3139298033,1.3529352723,High
Slovenia,2006,Developed,78.1,-1.190508257,1.4364360753,1.4004921928,High
Slovenia,2007,Developed,78.3,-1.230802821,1.4670626433,1.5100915758,High
Slovenia,2008,Developed,78.9,-0.553854138,1.4976892112,0.261160582,High
Slovenia,2009,Developed,79.1,-1.25497956,1.4976892112,1.5290059367,High
Slovenia,2010,Developed,79.5,-0.626384354,1.4976892112,1.5002096121,High
Slovenia,2011,Developed,79.8,-0.650561093,1.5283157792,1.5372001352,High
Slovenia,2012,Developed,82,-0.674737831,1.4670626433,1.4762495891,High
Slovenia,2013,Developed,85,-0.69891457,1.4670626433,0.1612576721,High
Slovenia,2014,Developed,87,-0.715032396,1.7120751872,-1.143450392,High
Slovenia,2015,Developed,88,-0.731150222,1.6201954832,0.2565284103,High
Solomon Islands,2000,Developing,65.8,0.5663347552,-1.473087884,-1.404555341,Low
Solomon Islands,2001,Developing,66.2,0.501863452,-1.656847292,-0.357198921,Low
Solomon Islands,2002,Developing,66.5,-1.150213692,-1.442461316,-0.464419154,Low
Solomon Islands,2003,Developing,66.8,0.4051564972,-1.22807534,-0.494820646,Low
Solomon Islands,2004,Developing,67.1,-1.093801302,-1.197448772,-0.440254938,Low
Solomon Islands,2005,Developing,67.4,-1.134095867,-1.136195636,-1.724478331,Low
Solomon Islands,2006,Developing,67.6,-1.31139195,-1.105569068,-0.354851299,Low
Solomon Islands,2007,Developing,67.6,-1.31139195,-0.92180966,-1.433679683,Low
Solomon Islands,2008,Developing,68,0.2278604134,-0.860556524,-1.523531726,Low
Solomon Islands,2009,Developing,68.1,0.2198015005,-0.829929956,-0.239370453,Low
Solomon Islands,2010,Developing,68.3,0.1875658489,-0.829929956,-0.184995174,Low
Solomon Islands,2011,Developing,68.5,0.1714480231,-0.799303388,-0.037215541,Low
Solomon Islands,2012,Developing,68.7,0.1553301973,-0.799303388,0.0341901568,Low
Solomon Islands,2013,Developing,68.8,0.1392123715,-0.76867682,-1.289523361,Low
Solomon Islands,2014,Developing,68.8,0.1472712844,-0.738050252,-2.35941267,Low
Solomon Islands,2015,Developing,69.2,0.098917807,-0.738050252,0.0536890158,Low
Somalia,2000,Developing,55,1.5334043031,0.0888670838,0.0049108092,Low
Somalia,2001,Developing,57,1.5092275644,0.0888670838,0.0049108092,Low
Somalia,2002,Developing,58,1.4769919128,0.0888670838,0.0049108092,Low
Somalia,2003,Developing,51.1,1.4447562612,0.0888670838,0.0049108092,Low
Somalia,2004,Developing,51.2,1.4205795225,0.0888670838,0.0049108092,Low
Somalia,2005,Developing,51.6,1.3641671322,0.0888670838,0.0049108092,Low
Somalia,2006,Developing,51.5,1.3883438709,0.0888670838,0.0049108092,Low
Somalia,2007,Developing,51.5,-1.053506738,0.0888670838,0.0049108092,Low
Somalia,2008,Developing,51.9,1.380284958,0.0888670838,0.0049108092,Low
Somalia,2009,Developing,52.2,1.3722260451,0.0888670838,0.0049108092,Low
Somalia,2010,Developing,52.4,1.380284958,0.0888670838,0.0049108092,Low
Somalia,2011,Developing,53.1,1.3238725677,0.0888670838,0.0049108092,Low
Somalia,2012,Developing,53.1,1.380284958,0.0888670838,0.0049108092,Low
Somalia,2013,Developing,54.2,1.2352245258,0.0888670838,-2.086340519,Low
Somalia,2014,Developing,54.3,1.2594012645,0.0888670838,-0.829067423,Low
Somalia,2015,Developing,55,1.1868710484,0.0888670838,-0.816614852,Low
South Africa,2000,Developing,57.3,1.8718786449,0.3032530597,-0.953124329,Low
South Africa,2001,Developing,56,2.1297638577,0.3032530597,0.2462492953,Low
South Africa,2002,Developing,54.9,2.3715312446,0.2726264917,0.2098900902,Low
South Africa,2003,Developing,54,2.58106298,0.2726264917,0.4441315121,Low
South Africa,2004,Developing,53.7,2.6777699348,0.2726264917,0.5905796879,Low
South Africa,2005,Developing,53.8,2.6858288477,0.2726264917,0.6526708022,Low
South Africa,2006,Developing,54,2.6697110219,0.2726264917,0.6754102967,Low
South Africa,2007,Developing,54.5,2.5891218929,0.2726264917,0.7240140509,Low
South Africa,2008,Developing,55.3,2.4843560252,0.2726264917,0.6911016477,Low
South Africa,2009,Developing,56.5,2.2909421156,0.2419999237,0.701211656,Low
South Africa,2010,Developing,58,2.1217049448,0.2419999237,0.8304406499,Low
South Africa,2011,Developing,58.9,2.0008212513,0.2419999237,-0.418402174,Low
South Africa,2012,Developing,59.2,-0.940681957,0.2419999237,0.8448258693,Low
South Africa,2013,Developing,69,1.6623469095,0.2419999237,0.790957198,Low
South Africa,2014,Developing,62,1.4689329999,0.3032530597,0.7565328431,Low
South Africa,2015,Developing,62.9,1.3158136548,0.3032530597,0.6894171414,Low
South Sudan,2000,Developing,48.9,-1.021271086,-3.678200779,0.0049108092,Low
South Sudan,2001,Developing,49.6,1.7429360385,-3.678200779,0.0049108092,Low
South Sudan,2002,Developing,52,1.7509949514,-3.678200779,0.0049108092,Low
South Sudan,2003,Developing,58,1.7590538643,-3.678200779,0.0049108092,Low
South Sudan,2004,Developing,51.4,1.7590538643,-3.678200779,0.0049108092,Low
South Sudan,2005,Developing,51.9,1.7590538643,-3.678200779,0.0049108092,Low
South Sudan,2006,Developing,52.5,1.7590538643,-3.678200779,0.0049108092,Low
South Sudan,2007,Developing,53.1,1.7429360385,-3.678200779,0.0049108092,Low
South Sudan,2008,Developing,53.6,1.7107003869,-3.678200779,-0.024720488,Low
South Sudan,2009,Developing,54.3,1.6462290837,-3.678200779,-0.188487013,Low
South Sudan,2010,Developing,55,1.5656399547,-3.678200779,-0.066313617,Low
South Sudan,2011,Developing,55.4,1.5334043031,-2.177498947,-1.32607735,Low
South Sudan,2012,Developing,56,1.4689329999,-2.177498947,-0.348908596,Low
South Sudan,2013,Developing,56.4,1.4528151741,-2.177498947,-0.225636511,Low
South Sudan,2014,Developing,56.6,1.4366973483,-2.177498947,-0.24258593,Low
South Sudan,2015,Developing,57.3,1.3480493064,-2.177498947,-0.484078731,Low
Spain,2000,Developed,79.1,-0.634443267,1.1301703954,1.2294620409,High
Spain,2001,Developed,79.4,-0.650561093,1.1301703954,1.2544092858,High
Spain,2002,Developed,79.5,-0.658620006,1.1301703954,-0.010822235,High
Spain,2003,Developed,79.4,-0.658620006,1.0995438274,1.45018681,High
Spain,2004,Developed,81,-0.690855657,1.0995438274,1.535656163,High
Spain,2005,Developed,81,-0.706973483,1.1607969634,0.2397282646,High
Spain,2006,Developed,88,-0.739209135,1.1914235314,1.6129813788,High
Spain,2007,Developed,89,-0.747268047,1.2220500993,0.3626206759,High
Spain,2008,Developed,81.3,-1.271097386,1.2526766673,1.7416547921,High
Spain,2009,Developed,81.6,-0.795621525,1.3139298033,1.6863302925,High
Spain,2010,Developed,81.9,-0.811739351,1.3445563713,0.438055251,High
Spain,2011,Developed,82.1,-0.819798264,1.4976892112,1.6773292619,High
Spain,2012,Developed,82,-0.835916089,1.5895689152,1.6145956292,High
Spain,2013,Developed,82.4,-1.279156299,1.6814486192,0.2958584671,High
Spain,2014,Developed,82.6,-0.860092828,1.7120751872,-1.027625215,High
Spain,2015,Developed,82.8,-0.876210654,1.7427017552,1.5531513916,High
Sri Lanka,2000,Developing,71.5,0.0827999812,0.1194936518,-0.401331242,High
Sri Lanka,2001,Developing,72.7,-1.19856717,0.1501202197,-0.426802597,High
Sri Lanka,2002,Developing,73.7,-0.126731754,0.1807467877,-0.40282975,High
Sri Lanka,2003,Developing,73.9,-0.150908493,0.2113733557,-0.330496705,High
Sri Lanka,2004,Developing,69.1,0.260096065,0.2419999237,-1.333651172,Low
Sri Lanka,2005,Developing,74.2,-0.215379796,0.2726264917,-0.19073877,High
Sri Lanka,2006,Developing,73.8,-0.158967406,0.3338796277,-0.109934164,High
Sri Lanka,2007,Developing,73.7,-0.150908493,0.3645061957,-0.036519378,High
Sri Lanka,2008,Developing,72.3,0.0586232425,0.3951327637,-1.115949291,High
Sri Lanka,2009,Developing,71.8,0.1472712844,0.4257593316,-1.208978458,High
Sri Lanka,2010,Developing,74.5,-0.215379796,0.4563858996,0.2752186398,High
Sri Lanka,2011,Developing,74.5,-0.191203057,0.4870124676,-0.978067426,High
Sri Lanka,2012,Developing,74.5,-0.175085232,0.5176390356,-0.956054435,High
Sri Lanka,2013,Developing,74.6,-0.183144144,0.5482656036,-0.913254068,High
Sri Lanka,2014,Developing,74.7,-0.191203057,0.6095187396,-0.880179242,High
Sri Lanka,2015,Developing,74.9,-0.215379796,0.6095187396,0.4546382313,High
Sudan,2000,Developing,58.6,0.9612214872,-1.993739539,-0.913143518,Low
Sudan,2001,Developing,58.9,0.9531625743,-1.963112971,-0.88782685,Low
Sudan,2002,Developing,59.4,0.9048090969,-1.963112971,-0.837067184,Low
Sudan,2003,Developing,59.6,0.9128680098,-1.963112971,-0.751648818,Low
Sudan,2004,Developing,59.7,0.9128680098,-1.932486403,-0.65402677,Low
Sudan,2005,Developing,67,0.7758664906,-1.809980132,-0.547654065,Low
Sudan,2006,Developing,61,-1.117978041,-1.779353564,-0.389255866,Low
Sudan,2007,Developing,61.4,0.7194541003,-1.718100428,-0.261039009,Low
Sudan,2008,Developing,61.8,0.6952773616,-1.748726996,-0.176385852,Low
Sudan,2009,Developing,62,0.6711006229,-1.595594156,-0.206087681,Low
Sudan,2010,Developing,62.5,0.6308060584,-1.53434102,-0.098972074,Low
Sudan,2011,Developing,62.7,0.6146882326,-1.53434102,-0.028819546,Low
Sudan,2012,Developing,63.2,0.5663347552,-1.595594156,0.0447380066,Low
Sudan,2013,Developing,63.5,0.5421580165,-1.53434102,0.0636092646,Low
Sudan,2014,Developing,63.8,0.5179812778,-1.473087884,0.125599563,Low
Sudan,2015,Developing,64.1,0.4857456262,-1.473087884,0.2088524622,Low
Suriname,2000,Developing,67.4,0.4776867133,-0.278651732,0.0434298426,Low
Suriname,2001,Developing,67.7,0.4373921488,-0.3092783,-0.052941668,Low
Suriname,2002,Developing,67.9,0.4535099746,-0.3092783,0.1401916543,Low
Suriname,2003,Developing,68,0.4696278004,-0.339904868,-1.096613722,Low
Suriname,2004,Developing,68.3,0.3970975843,-0.278651732,-2.239430785,Low
Suriname,2005,Developing,68.9,-1.126036954,-0.217398596,0.4159091826,Low
Suriname,2006,Developing,69.3,0.2762138908,-0.15614546,-0.693874116,Low
Suriname,2007,Developing,69.5,-1.150213692,-0.094892324,0.6885766945,Low
Suriname,2008,Developing,69.8,0.2520371521,-0.033639188,0.7893745164,Low
Suriname,2009,Developing,70,0.2520371521,0.0276139478,0.8367764514,High
Suriname,2010,Developing,73,-1.174390431,0.0888670838,-0.429839421,High
Suriname,2011,Developing,76,0.179506936,0.1501202197,0.9010698475,High
Suriname,2012,Developing,71.3,0.1069767199,0.2113733557,0.9638324548,High
Suriname,2013,Developing,71.2,0.1150356328,0.2113733557,0.9769180493,High
Suriname,2014,Developing,71.4,0.1069767199,0.2113733557,0.9817701741,High
Suriname,2015,Developing,71.6,0.0908588941,0.2113733557,0.9348314168,High
Swaziland,2000,Developing,48.4,2.9920675379,-0.799303388,-0.039113367,Low
Swaziland,2001,Developing,47.1,3.2499527507,-0.829929956,-0.114393545,Low
Swaziland,2002,Developing,46.4,3.4030720958,-0.860556524,-0.161587807,Low
Swaziland,2003,Developing,45.9,-1.279156299,-0.891183092,-2.506505998,Low
Swaziland,2004,Developing,45.6,-0.771444786,-0.799303388,0.2124649092,Low
Swaziland,2005,Developing,46,-0.819798264,-0.707423684,0.2862628452,Low
Swaziland,2006,Developing,47.8,3.2177170991,-0.646170548,0.2989055896,Low
Swaziland,2007,Developing,50,-0.916505218,-0.46241114,-0.935783569,Low
Swaziland,2008,Developing,51.4,2.5165916768,-0.431784572,0.2799032355,Low
Swaziland,2009,Developing,52.6,-0.956799783,-0.370531436,-0.961257043,Low
Swaziland,2010,Developing,53.6,2.3715312446,-0.3092783,-0.900663988,Low
Swaziland,2011,Developing,55,2.2022940738,-0.248025164,0.4679311358,Low
Swaziland,2012,Developing,56.5,1.9927623384,-0.217398596,0.4556339387,Low
Swaziland,2013,Developing,57.6,1.8396429933,-0.186772028,0.4163713446,Low
Swaziland,2014,Developing,58.4,1.7509949514,-0.186772028,0.3943539894,Low
Swaziland,2015,Developing,58.9,1.6784647353,-0.186772028,0.3369256735,Low
Sweden,2000,Developed,79.6,-0.739209135,1.1914235314,1.6290208944,High
Sweden,2001,Developed,79.8,-0.739209135,1.1914235314,1.5813991457,High
Sweden,2002,Developed,79.9,-0.75532696,1.1914235314,1.6346857303,High
Sweden,2003,Developed,82,-0.771444786,1.1914235314,1.7637085301,High
Sweden,2004,Developed,83,-1.271097386,1.2220500993,1.8436879267,High
Sweden,2005,Developed,85,-0.795621525,1.2220500993,0.5307166298,High
Sweden,2006,Developed,88,-0.811739351,1.1914235314,1.8934665707,High
Sweden,2007,Developed,89,-0.819798264,1.1607969634,1.9757153527,High
Sweden,2008,Developed,81.1,-0.827857176,1.1301703954,2.0014135087,High
Sweden,2009,Developed,81.4,-0.827857176,1.1607969634,0.5618169767,High
Sweden,2010,Developed,81.5,-0.860092828,1.1607969634,0.6376959585,High
Sweden,2011,Developed,81.7,-0.860092828,1.2220500993,2.0400078557,High
Sweden,2012,Developed,81.7,-0.868151741,1.1607969634,2.0156384743,High
Sweden,2013,Developed,81.9,-0.868151741,1.1607969634,0.7387308886,High
Sweden,2014,Developed,82.3,-0.89232848,1.1607969634,0.7041090736,High
Sweden,2015,Developed,82.4,-0.900387393,1.1914235314,0.6706169165,High
Switzerland,2000,Developed,79.7,-0.69891457,0.9464109874,1.7768877611,High
Switzerland,2001,Developed,82,-0.723091309,0.9770375554,1.7878793522,High
Switzerland,2002,Developed,84,-0.731150222,0.9770375554,1.8284216322,High
Switzerland,2003,Developed,85,-0.747268047,0.9157844195,0.5825615655,High
Switzerland,2004,Developed,81,-0.771444786,0.9464109874,1.9749728775,High
Switzerland,2005,Developed,81.1,-0.795621525,0.9770375554,1.9914787101,High
Switzerland,2006,Developed,81.5,-0.803680438,0.9770375554,2.0178024892,High
Switzerland,2007,Developed,81.7,-0.819798264,1.0076641234,2.0742121555,High
Switzerland,2008,Developed,82,-1.279156299,1.0076641234,2.1503628672,High
Switzerland,2009,Developed,82.1,-1.279156299,1.0076641234,2.1303952545,High
Switzerland,2010,Developed,82.3,-0.868151741,1.0382906914,2.1674105447,High
Switzerland,2011,Developed,82.6,-0.884269567,1.0995438274,2.265467536,High
Switzerland,2012,Developed,82.7,-0.89232848,1.1301703954,2.2327860838,High
Switzerland,2013,Developed,83,-0.908446305,1.1607969634,2.2430884904,High
Switzerland,2014,Developed,83.2,-0.916505218,1.1914235314,2.2509314295,High
Switzerland,2015,Developed,83.4,-0.932623044,1.2220500993,0.9459308704,High
Syrian Arab Republic,2000,Developing,72.6,-0.231497622,-0.61554398,-0.229788775,High
Syrian Arab Republic,2001,Developing,72.7,-0.239556535,-0.584917412,-0.191406696,High
Syrian Arab Republic,2002,Developing,72.8,-0.239556535,-0.554290844,-0.189244597,High
Syrian Arab Republic,2003,Developing,73,-0.247615448,-0.523664276,-0.19372361,High
Syrian Arab Republic,2004,Developing,73.2,-0.271792186,-0.431784572,-1.426163781,High
Syrian Arab Republic,2005,Developing,73.5,-0.304027838,-0.3092783,-0.060706338,High
Syrian Arab Republic,2006,Developing,73.7,-0.33626349,-0.186772028,0.0033696843,High
Syrian Arab Republic,2007,Developing,73.8,-0.352381315,-0.15614546,-1.107233388,High
Syrian Arab Republic,2008,Developing,73.8,-0.344322402,-0.125518892,0.0049108092,High
Syrian Arab Republic,2009,Developing,73.8,-0.328204577,-0.064265756,0.0049108092,High
Syrian Arab Republic,2010,Developing,73.7,-0.304027838,-0.094892324,0.0049108092,High
Syrian Arab Republic,2011,Developing,71.7,-0.013906974,-0.00301262,0.0049108092,High
Syrian Arab Republic,2012,Developing,62.8,-1.069624563,0.1501202197,0.0049108092,Low
Syrian Arab Republic,2013,Developing,63.6,-1.029329999,0.3032530597,0.0049108092,Low
Syrian Arab Republic,2014,Developing,64.4,1.0418106162,-0.92180966,0.0049108092,Low
Syrian Arab Republic,2015,Developing,64.5,1.0337517033,-0.92180966,0.0049108092,Low
Tajikistan,2000,Developing,63.7,0.2681549779,-0.738050252,-1.468126126,Low
Tajikistan,2001,Developing,64,0.2359193263,-0.707423684,-2.654098704,Low
Tajikistan,2002,Developing,64.3,0.2278604134,-0.676797116,-1.286854072,Low
Tajikistan,2003,Developing,65.2,0.1392123715,-0.584917412,-1.158808383,Low
Tajikistan,2004,Developing,65.9,0.098917807,-0.46241114,-2.196750401,Low
Tajikistan,2005,Developing,65.5,0.2359193263,-0.431784572,-0.952894638,Low
Tajikistan,2006,Developing,65.9,0.1472712844,-0.401158004,-2.127375944,Low
Tajikistan,2007,Developing,66.1,0.1311534586,-0.339904868,-2.03052455,Low
Tajikistan,2008,Developing,66.4,0.1069767199,-0.370531436,-1.808084966,Low
Tajikistan,2009,Developing,66.7,0.0747410683,-0.278651732,-0.55917769,Low
Tajikistan,2010,Developing,67.3,0.0505643296,-0.278651732,-0.499827057,Low
Tajikistan,2011,Developing,68.1,0.0102697651,-0.278651732,-0.428987665,Low
Tajikistan,2012,Developing,68.8,-0.005848061,-0.278651732,-0.351164402,Low
Tajikistan,2013,Developing,69.3,-0.013906974,-0.248025164,-2.784731577,Low
Tajikistan,2014,Developing,69.6,-0.021965886,-0.217398596,-1.578140946,Low
Tajikistan,2015,Developing,69.7,-0.030024799,-0.217398596,-0.373427646,Low
Thailand,2000,Developing,71.1,0.2359193263,-0.339904868,-2.40164412,High
Thailand,2001,Developing,71.2,0.2359193263,-0.248025164,0.0448147101,High
Thailand,2002,Developing,71.4,0.2198015005,-0.15614546,-1.027481011,High
Thailand,2003,Developing,71.7,0.1956247618,-0.064265756,0.1720534159,High
Thailand,2004,Developing,71.6,0.1956247618,-0.033639188,0.2414971945,High
Thailand,2005,Developing,72.5,0.098917807,-0.00301262,0.2902322483,High
Thailand,2006,Developing,73,0.0263875909,0.1194936518,0.3782020245,High
Thailand,2007,Developing,73.3,0.0022108522,0.0888670838,0.4734900117,High
Thailand,2008,Developing,73.5,-0.021965886,0.2726264917,0.5298367479,High
Thailand,2009,Developing,73.7,-1.19856717,0.3032530597,0.5074623334,High
Thailand,2010,Developing,73.9,-0.054201538,0.3338796277,-0.644137665,High
Thailand,2011,Developing,74.1,-0.078378277,0.3951327637,0.6607886414,High
Thailand,2012,Developing,74.3,-0.08643719,0.5176390356,0.6983843319,High
Thailand,2013,Developing,74.5,-0.094496103,0.4870124676,0.7283288148,High
Thailand,2014,Developing,74.6,-0.102555015,0.4870124676,0.7064157909,High
Thailand,2015,Developing,74.9,-0.134790667,0.4870124676,0.6939200066,High
The former Yugoslav republic of Macedonia,2000,Developing,72.6,-0.320145664,-0.094892324,0.0049108092,High
The former Yugoslav republic of Macedonia,2001,Developing,73.1,-0.312086751,-0.064265756,0.0049108092,High
The former Yugoslav republic of Macedonia,2002,Developing,72.8,-0.295968925,-0.033639188,0.0049108092,High
The former Yugoslav republic of Macedonia,2003,Developing,73.2,-0.312086751,-0.033639188,0.0049108092,High
The former Yugoslav republic of Macedonia,2004,Developing,73.5,-1.230802821,-0.033639188,0.0049108092,High
The former Yugoslav republic of Macedonia,2005,Developing,73.6,-1.230802821,-0.033639188,0.0049108092,High
The former Yugoslav republic of Macedonia,2006,Developing,73.7,-0.344322402,0.0276139478,0.0049108092,High
The former Yugoslav republic of Macedonia,2007,Developing,73.5,-1.230802821,0.0582405158,0.0049108092,High
The former Yugoslav republic of Macedonia,2008,Developing,74.2,-0.432970444,0.0582405158,0.0049108092,High
The former Yugoslav republic of Macedonia,2009,Developing,74.4,-0.432970444,0.3032530597,0.0049108092,High
The former Yugoslav republic of Macedonia,2010,Developing,74.7,-1.182449344,0.3032530597,0.0049108092,High
The former Yugoslav republic of Macedonia,2011,Developing,74.9,-1.190508257,0.2726264917,0.0049108092,High
The former Yugoslav republic of Macedonia,2012,Developing,75.1,-1.206626083,0.2726264917,0.0049108092,High
The former Yugoslav republic of Macedonia,2013,Developing,75.3,-1.214684996,0.2726264917,0.0049108092,HighThe former Yugoslav republic of Macedonia,2014,Developing,75.5,-1.230802821,0.2726264917,0.0049108092,High
The former Yugoslav republic of Macedonia,2015,Developing,75.7,-1.230802821,0.2726264917,0.0049108092,High
Timor-Leste,2000,Developing,58.7,0.896750184,-3.678200779,-0.823015891,Low
Timor-Leste,2001,Developing,59.4,0.8403377938,-0.676797116,-1.987270695,Low
Timor-Leste,2002,Developing,62,0.7758664906,-0.676797116,-2.073439536,Low
Timor-Leste,2003,Developing,61,-1.126036954,-0.676797116,-0.759305227,Low
Timor-Leste,2004,Developing,62.3,0.5179812778,-0.554290844,-0.764125845,Low
Timor-Leste,2005,Developing,63.7,-1.117978041,-0.431784572,-0.750930813,Low
Timor-Leste,2006,Developing,64.9,0.1714480231,-0.3092783,-0.797236551,Low
Timor-Leste,2007,Developing,65.8,0.0666821554,-0.217398596,-0.697197062,Low
Timor-Leste,2008,Developing,66.2,0.0263875909,-0.094892324,-0.579160476,Low
Timor-Leste,2009,Developing,66.6,0.0022108522,0.0276139478,-0.485157993,Low
Timor-Leste,2010,Developing,66.9,-0.013906974,0.1194936518,-0.418464466,Low
Timor-Leste,2011,Developing,67.2,-0.030024799,0.1501202197,-1.577622677,Low
Timor-Leste,2012,Developing,67.4,-0.046142625,0.1501202197,-0.259960579,Low
Timor-Leste,2013,Developing,67.7,-0.054201538,0.1501202197,-1.561668025,Low
Timor-Leste,2014,Developing,68,-0.078378277,0.1501202197,-0.241755899,Low
Timor-Leste,2015,Developing,68.3,-0.102555015,0.1501202197,-0.23763186,Low
Togo,2000,Developing,54.6,1.4044616967,-0.829929956,-2.426765839,Low
Togo,2001,Developing,54.6,1.4528151741,-0.799303388,-2.421395761,Low
Togo,2002,Developing,54.7,1.5011686515,-0.707423684,-2.375643753,Low
Togo,2003,Developing,54.7,1.5334043031,-0.646170548,-2.325609255,Low
Togo,2004,Developing,54.9,1.5334043031,-0.61554398,-0.931627435,Low
Togo,2005,Developing,55,1.5495221289,-0.584917412,-0.896087672,Low
Togo,2006,Developing,55.7,1.4528151741,-0.554290844,-0.888116741,Low
Togo,2007,Developing,55.9,1.4447562612,-0.431784572,-2.147611403,Low
Togo,2008,Developing,56.2,1.4447562612,-0.584917412,-0.710015445,Low
Togo,2009,Developing,56.7,1.380284958,-0.431784572,-0.725712936,Low
Togo,2010,Developing,57.4,1.2755190903,-0.3092783,-0.7394462,Low
Togo,2011,Developing,58.3,-1.053506738,-0.15614546,-0.65733981,Low
Togo,2012,Developing,58.9,1.0418106162,-0.00301262,-0.65595277,Low
Togo,2013,Developing,59.4,0.9853982259,-0.00301262,-0.640017039,Low
Togo,2014,Developing,59.7,0.9692804001,-0.00301262,-1.93154056,Low
Togo,2015,Developing,59.9,0.9853982259,-0.00301262,-0.668977693,Low
Tonga,2000,Developing,71.6,-0.054201538,0.5176390356,-1.096322622,High
Tonga,2001,Developing,71.8,-0.062260451,0.3645061957,0.0277081455,High
Tonga,2002,Developing,71.9,-0.078378277,0.4563858996,0.0291122019,High
Tonga,2003,Developing,72,-0.094496103,0.5176390356,-1.175192575,High
Tonga,2004,Developing,72.2,-0.110613928,0.7932781475,0.1534759996,High
Tonga,2005,Developing,72.3,-1.206626083,0.7932781475,0.227166215,High
Tonga,2006,Developing,72.4,-0.134790667,0.7932781475,0.2900065814,High
Tonga,2007,Developing,72.5,-0.150908493,0.7626515795,0.2979100095,High
Tonga,2008,Developing,72.6,-0.158967406,0.7626515795,0.382256082,High
Tonga,2009,Developing,72.5,-0.14284958,0.7626515795,-2.218280861,High
Tonga,2010,Developing,72.8,-0.183144144,0.7320250115,0.4080893222,High
Tonga,2011,Developing,72.9,-1.214684996,0.7320250115,-0.792466174,High
Tonga,2012,Developing,73,-0.215379796,0.7320250115,-0.784269035,High
Tonga,2013,Developing,73.2,-0.223438709,0.7013984435,0.5148311413,High
Tonga,2014,Developing,73.3,-0.239556535,0.7013984435,0.5046820359,High
Tonga,2015,Developing,73.5,-0.255674361,0.7013984435,-0.732550519,High
Trinidad and Tobago,2000,Developing,69.1,0.260096065,-0.094892324,-0.578955499,Low
Trinidad and Tobago,2001,Developing,69.1,0.2359193263,-0.064265756,0.7958792541,Low
Trinidad and Tobago,2002,Developing,69.2,0.2198015005,-0.033639188,-0.491057644,Low
Trinidad and Tobago,2003,Developing,69.3,0.2117425876,-0.00301262,-0.395345159,Low
Trinidad and Tobago,2004,Developing,69.4,-1.174390431,0.0582405158,-1.50664057,Low
Trinidad and Tobago,2005,Developing,69.5,0.1956247618,0.0888670838,1.128358706,Low
Trinidad and Tobago,2006,Developing,69.6,0.1875658489,0.0888670838,-0.091388645,Low
Trinidad and Tobago,2007,Developing,69.7,0.179506936,0.1194936518,-0.033584049,Low
Trinidad and Tobago,2008,Developing,69.9,0.1633891102,0.1194936518,1.441848236,Low
Trinidad and Tobago,2009,Developing,71,0.1472712844,0.1501202197,-0.105908285,High
Trinidad and Tobago,2010,Developing,74,0.1150356328,0.1501202197,1.3036062603,High
Trinidad and Tobago,2011,Developing,76,0.0908588941,0.1807467877,0.0631088103,High
Trinidad and Tobago,2012,Developing,78,0.0747410683,0.1807467877,1.383423135,High
Trinidad and Tobago,2013,Developing,71,0.0586232425,0.2113733557,0.0671961508,High
Trinidad and Tobago,2014,Developing,71.1,0.0505643296,0.2113733557,1.3886158995,High
Trinidad and Tobago,2015,Developing,71.2,-1.190508257,0.2113733557,1.32530958,High
Tunisia,2000,Developing,72.9,-0.424911531,0.2419999237,0.1353527219,High
Tunisia,2001,Developing,73.2,-1.238861734,0.3338796277,0.1459715663,High
Tunisia,2002,Developing,73.5,-1.174390431,0.3951327637,0.1690189496,High
Tunisia,2003,Developing,73.7,-1.190508257,0.4563858996,0.2632915681,High
Tunisia,2004,Developing,74,-1.206626083,0.4870124676,0.3324664844,High
Tunisia,2005,Developing,74.2,-1.214684996,0.5788921716,0.3474572209,High
Tunisia,2006,Developing,74.4,-1.230802821,0.6707718756,0.3786756642,High
Tunisia,2007,Developing,74.6,-1.230802821,0.7013984435,0.4445146023,High
Tunisia,2008,Developing,74.7,-1.230802821,0.7013984435,-0.809951408,High
Tunisia,2009,Developing,74.7,-1.230802821,0.7320250115,0.496011628,High
Tunisia,2010,Developing,74.8,-1.230802821,0.7320250115,-0.834267057,High
Tunisia,2011,Developing,74.8,-1.222743908,0.7626515795,0.5135221348,High
Tunisia,2012,Developing,74.9,-1.222743908,0.7932781475,0.4970718528,High
Tunisia,2013,Developing,74.9,-1.222743908,0.8239047155,0.5056639566,High
Tunisia,2014,Developing,75.1,-1.230802821,0.8239047155,0.5155254789,High
Tunisia,2015,Developing,75.3,-1.319450863,0.7932781475,0.4522298602,High
Turkey,2000,Developing,74,-0.175085232,-0.401158004,0.5215699831,High
Turkey,2001,Developing,78,-1.214684996,-0.278651732,0.3337290434,High
Turkey,2002,Developing,71.2,-0.215379796,-0.15614546,-0.904860838,High
Turkey,2003,Developing,71.6,-0.239556535,-0.033639188,0.5730715849,High
Turkey,2004,Developing,72,-0.263733273,-0.00301262,-1.907848617,High
Turkey,2005,Developing,72.4,-0.287910012,-0.033639188,0.8321345789,High
Turkey,2006,Developing,72.8,-0.312086751,-0.033639188,-0.428760461,High
Turkey,2007,Developing,73.2,-0.328204577,0.0888670838,-0.336350175,High
Turkey,2008,Developing,73.5,-0.352381315,0.1501202197,-1.29826065,High
Turkey,2009,Developing,73.9,-0.376558054,0.1501202197,-0.362313236,High
Turkey,2010,Developing,74.2,-0.39267588,0.3032530597,-0.026840912,High
Turkey,2011,Developing,74.5,-0.408793706,0.5482656036,1.0803247108,High
Turkey,2012,Developing,74.8,-0.424911531,0.7013984435,-0.232370778,High
Turkey,2013,Developing,75.2,-1.174390431,0.7320250115,1.1385853145,High
Turkey,2014,Developing,75.5,-1.190508257,0.7626515795,1.1190894001,High
Turkey,2015,Developing,75.8,-1.19856717,0.7626515795,0.0706230317,High
Turkmenistan,2000,Developing,63.8,0.4776867133,-3.678200779,-0.579649447,Low
Turkmenistan,2001,Developing,64,0.4535099746,-0.554290844,-0.472193836,Low
Turkmenistan,2002,Developing,63.3,0.5179812778,-0.554290844,-0.343226431,Low
Turkmenistan,2003,Developing,63.4,0.5340991036,-0.523664276,-0.179819003,Low
Turkmenistan,2004,Developing,63.5,0.5905114939,-0.523664276,-0.107879203,Low
Turkmenistan,2005,Developing,63.3,0.6711006229,-0.523664276,-1.334162874,Low
Turkmenistan,2006,Developing,63.7,0.6469238842,-0.493037708,0.1148098174,Low
Turkmenistan,2007,Developing,64.1,0.6146882326,-0.493037708,-2.42724524,Low
Turkmenistan,2008,Developing,64.5,0.5663347552,-0.46241114,-0.86243406,Low
Turkmenistan,2009,Developing,65.6,0.4051564972,-0.46241114,-0.803921008,Low
Turkmenistan,2010,Developing,65.8,0.3729208456,-0.431784572,0.5377797558,Low
Turkmenistan,2011,Developing,65.6,0.421274323,-0.431784572,0.6772810661,Low
Turkmenistan,2012,Developing,65.6,-1.150213692,-0.401158004,0.7737388485,Low
Turkmenistan,2013,Developing,65.4,0.5099223649,-0.401158004,-0.502908021,Low
Turkmenistan,2014,Developing,66,0.421274323,-0.370531436,0.8757268688,Low
Turkmenistan,2015,Developing,66.3,0.4051564972,-0.370531436,0.7523257571,Low
Tuvalu,2013,Developing,72.1,-0.167026319,-3.678200779,0.4071977569,High
Uganda,2000,Developing,46.6,3.1371279701,-0.676797116,-1.108845893,Low
Uganda,2001,Developing,47.7,3.0162442766,-0.370531436,-1.162072229,Low
Uganda,2002,Developing,48.8,2.8873016702,-0.3092783,-2.475938461,Low
Uganda,2003,Developing,51,-0.900387393,-0.15614546,-1.154698221,Low
Uganda,2004,Developing,51.3,2.58106298,-0.125518892,-1.04392012,Low
Uganda,2005,Developing,53.2,2.2667653769,-0.339904868,-0.991115524,Low
Uganda,2006,Developing,54.9,-0.997094347,-0.431784572,-0.954439564,Low
Uganda,2007,Developing,55.5,-0.997094347,-0.523664276,-2.159999132,Low
Uganda,2008,Developing,56.3,-0.997094347,-0.431784572,-0.786643327,Low
Uganda,2009,Developing,57.5,1.7187592998,-0.370531436,-0.576061312,Low
Uganda,2010,Developing,58.4,1.5898166934,-0.339904868,-0.624686487,Low
Uganda,2011,Developing,59.3,1.4689329999,-0.401158004,-0.635085332,Low
Uganda,2012,Developing,60,1.4044616967,-0.61554398,-0.575552001,Low
Uganda,2013,Developing,67,1.2916369161,-0.61554398,-0.562532556,Low
Uganda,2014,Developing,61.5,-1.021271086,-0.61554398,-0.515047458,Low
Uganda,2015,Developing,62.3,1.0176338775,-0.61554398,-0.535743141,Low
Ukraine,2000,Developing,67.5,0.743630839,0.3951327637,-0.586329999,Low
Ukraine,2001,Developing,67.7,0.7113951874,0.3645061957,-1.794526832,Low
Ukraine,2002,Developing,67.6,0.7355719261,0.5788921716,-0.3986526,Low
Ukraine,2003,Developing,67.6,0.7355719261,0.7013984435,-1.42744854,Low
Ukraine,2004,Developing,67.4,0.824219968,0.7932781475,-0.143386393,Low
Ukraine,2005,Developing,67,0.9128680098,0.7626515795,0.0247866202,Low
Ukraine,2006,Developing,67.7,0.824219968,0.8239047155,-1.16651136,Low
Ukraine,2007,Developing,67.5,0.9048090969,0.8545312835,-0.901525226,Low
Ukraine,2008,Developing,67.7,0.8725734453,0.8851578515,0.4615898945,Low
Ukraine,2009,Developing,69.2,0.5340991036,0.8851578515,0.2160778776,Low
Ukraine,2010,Developing,69.8,0.3809797585,0.8851578515,0.3043494408,Low
Ukraine,2011,Developing,75,-1.134095867,0.8851578515,0.4116908549,High
Ukraine,2012,Developing,77,-1.126036954,0.9464109874,0.4562202293,High
Ukraine,2013,Developing,71,0.2681549779,0.9770375554,-0.812928087,High
Ukraine,2014,Developing,78,-1.14215478,0.9770375554,-0.993188946,High
Ukraine,2015,Developing,71.3,0.2439782392,1.0076641234,0.1115505565,High
United Arab Emirates,2000,Developing,74.2,-1.190508257,-0.064265756,0.378599554,High
United Arab Emirates,2001,Developing,74.5,-1.214684996,-0.00301262,0.3414448753,High
United Arab Emirates,2002,Developing,74.7,-1.238861734,0.0276139478,1.6677499356,High
United Arab Emirates,2003,Developing,74.9,-0.537736312,0.0888670838,0.3703489379,High
United Arab Emirates,2004,Developing,75.1,-0.561913051,0.1194936518,1.7510473393,High
United Arab Emirates,2005,Developing,75.3,-0.586089789,0.1807467877,1.8012495387,High
United Arab Emirates,2006,Developing,75.4,-0.610266528,0.2419999237,1.8427330891,High
United Arab Emirates,2007,Developing,75.6,-0.626384354,0.2726264917,1.8468193413,High
United Arab Emirates,2008,Developing,75.8,-0.64250218,0.3338796277,1.8872114691,High
United Arab Emirates,2009,Developing,76,-0.650561093,0.3645061957,0.3788236731,High
United Arab Emirates,2010,Developing,76.2,-0.666678918,0.3951327637,0.4083417604,High
United Arab Emirates,2011,Developing,76.3,-0.674737831,0.3951327637,0.5407796754,High
United Arab Emirates,2012,Developing,76.5,-1.263038473,0.3951327637,1.8391730228,High
United Arab Emirates,2013,Developing,76.7,-0.69891457,0.3951327637,0.5241223093,High
United Arab Emirates,2014,Developing,76.9,-0.706973483,0.3951327637,1.870420507,High
United Arab Emirates,2015,Developing,77.1,-0.723091309,0.3951327637,0.4646096963,High
United Kingdom of Great Britain and Northern Ireland,2000,Developed,77.8,-0.610266528,0.0888670838,0.0049108092,High
United Kingdom of Great Britain and Northern Ireland,2001,Developed,78,-0.618325441,0.0888670838,0.0049108092,High
United Kingdom of Great Britain and Northern Ireland,2002,Developed,78.2,-0.626384354,0.0888670838,0.0049108092,High
United Kingdom of Great Britain and Northern Ireland,2003,Developed,78.3,-0.634443267,0.0888670838,0.0049108092,High
United Kingdom of Great Britain and Northern Ireland,2004,Developed,78.8,-0.658620006,0.0888670838,0.0049108092,High
United Kingdom of Great Britain and Northern Ireland,2005,Developed,79,-0.666678918,0.0888670838,0.0049108092,High
United Kingdom of Great Britain and Northern Ireland,2006,Developed,79.3,-0.666678918,0.0888670838,0.0049108092,High
United Kingdom of Great Britain and Northern Ireland,2007,Developed,79.5,-1.263038473,0.0888670838,0.0049108092,High
United Kingdom of Great Britain and Northern Ireland,2008,Developed,79.6,-1.263038473,0.0888670838,0.0049108092,High
United Kingdom of Great Britain and Northern Ireland,2009,Developed,81,-0.69891457,0.0888670838,0.0049108092,High
United Kingdom of Great Britain and Northern Ireland,2010,Developed,82,-0.706973483,0.0888670838,0.0049108092,High
United Kingdom of Great Britain and Northern Ireland,2011,Developed,86,-0.731150222,0.0888670838,0.0049108092,High
United Kingdom of Great Britain and Northern Ireland,2012,Developed,86,-0.747268047,0.0888670838,0.0049108092,High
United Kingdom of Great Britain and Northern Ireland,2013,Developed,87,-0.747268047,0.0888670838,0.0049108092,High
United Kingdom of Great Britain and Northern Ireland,2014,Developed,81,-0.75532696,0.0888670838,0.0049108092,High
United Kingdom of Great Britain and Northern Ireland,2015,Developed,81.2,-0.771444786,0.0888670838,0.0049108092,High
United Republic of Tanzania,2000,Developing,49.2,2.3554134188,0.0888670838,0.0049108092,Low
United Republic of Tanzania,2001,Developing,49.6,-0.956799783,0.0888670838,0.0049108092,Low
United Republic of Tanzania,2002,Developing,52,-0.956799783,0.0888670838,0.0049108092,Low
United Republic of Tanzania,2003,Developing,58,2.3715312446,0.0888670838,0.0049108092,Low
United Republic of Tanzania,2004,Developing,51.5,2.3312366801,0.0888670838,0.0049108092,Low
United Republic of Tanzania,2005,Developing,52.2,2.2909421156,0.0888670838,0.0049108092,Low
United Republic of Tanzania,2006,Developing,53.1,2.1942351609,0.0888670838,0.0049108092,Low
United Republic of Tanzania,2007,Developing,54.5,1.9847034255,0.0888670838,0.0049108092,Low
United Republic of Tanzania,2008,Developing,56.2,1.702641474,0.0888670838,0.0049108092,Low
United Republic of Tanzania,2009,Developing,56.9,1.6381701708,0.0888670838,0.0049108092,Low
United Republic of Tanzania,2010,Developing,57.5,-1.037388912,0.0888670838,0.0049108092,Low
United Republic of Tanzania,2011,Developing,58.3,1.4769919128,0.0888670838,0.0049108092,Low
United Republic of Tanzania,2012,Developing,58.6,1.4769919128,0.0888670838,0.0049108092,Low
United Republic of Tanzania,2013,Developing,59.7,1.2755190903,0.0888670838,0.0049108092,Low
United Republic of Tanzania,2014,Developing,67,-1.053506738,0.0888670838,0.0049108092,Low
United Republic of Tanzania,2015,Developing,61.8,0.9209269227,0.0888670838,0.0049108092,Low
United States of America,2000,Developed,76.8,-0.408793706,0.0888670838,0.0049108092,High
United States of America,2001,Developed,76.9,-0.400734793,0.0888670838,0.0049108092,High
United States of America,2002,Developed,77,-0.400734793,0.0888670838,0.0049108092,High
United States of America,2003,Developed,77.2,-0.408793706,0.0888670838,0.0049108092,High
United States of America,2004,Developed,77.5,-0.432970444,0.0888670838,0.0049108092,High
United States of America,2005,Developed,77.5,-0.424911531,0.0888670838,0.0049108092,High
United States of America,2006,Developed,77.8,-0.416852619,0.0888670838,0.0049108092,High
United States of America,2007,Developed,78.1,-1.238861734,0.0888670838,0.0049108092,High
United States of America,2008,Developed,78.2,-1.182449344,0.0888670838,0.0049108092,High
United States of America,2009,Developed,78.5,-1.182449344,0.0888670838,0.0049108092,High
United States of America,2010,Developed,78.7,-1.206626083,0.0888670838,0.0049108092,High
United States of America,2011,Developed,78.7,-1.19856717,0.0888670838,0.0049108092,High
United States of America,2012,Developed,78.8,-1.19856717,0.0888670838,0.0049108092,High
United States of America,2013,Developed,78.9,-1.19856717,0.0888670838,0.0049108092,High
United States of America,2014,Developed,79.1,-1.214684996,0.0888670838,0.0049108092,High
United States of America,2015,Developed,79.3,-1.222743908,0.0888670838,0.0049108092,High
Uruguay,2000,Developing,75.1,-0.271792186,0.6095187396,0.7905317597,High
Uruguay,2001,Developing,75.2,-0.33626349,0.6707718756,0.7385589185,High
Uruguay,2002,Developing,75.4,-0.328204577,0.8239047155,-0.738445362,High
Uruguay,2003,Developing,75.4,-0.352381315,0.9157844195,0.420178269,High
Uruguay,2004,Developing,75.4,-0.344322402,1.0689172594,0.4942457807,High
Uruguay,2005,Developing,75.7,-0.33626349,1.0689172594,-0.699344228,High
Uruguay,2006,Developing,76.2,-0.384616967,0.9770375554,0.7001545705,High
Uruguay,2007,Developing,75.4,-0.328204577,1.0076641234,-1.787522727,High
Uruguay,2008,Developing,76.4,-0.368499141,1.1301703954,-0.346585933,High
Uruguay,2009,Developing,76.6,-0.376558054,1.0689172594,0.9726703032,High
Uruguay,2010,Developing,76.3,-0.376558054,1.0995438274,1.1100030197,High
Uruguay,2011,Developing,77,-0.432970444,1.0689172594,1.2089936477,High
Uruguay,2012,Developing,76.5,-0.376558054,1.0689172594,-0.055150394,High
Uruguay,2013,Developing,76.8,-0.384616967,1.0689172594,1.3104069135,High
Uruguay,2014,Developing,76.8,-0.384616967,1.0689172594,1.3054737792,High
Uruguay,2015,Developing,77,-0.39267588,1.0689172594,1.2619558862,High
Uzbekistan,2000,Developing,67.1,0.1956247618,-0.431784572,-0.661591477,Low
Uzbekistan,2001,Developing,67.4,0.1633891102,-0.401158004,-0.777655397,Low
Uzbekistan,2002,Developing,67.1,0.1714480231,-0.3092783,-0.878971532,Low
Uzbekistan,2003,Developing,67.2,0.1472712844,-0.217398596,-0.860001651,Low
Uzbekistan,2004,Developing,67.8,0.1472712844,-0.125518892,-0.767132488,Low
Uzbekistan,2005,Developing,67.3,0.2198015005,-0.094892324,-0.6735734,Low
Uzbekistan,2006,Developing,67.6,0.1633891102,-0.064265756,-0.569744274,Low
Uzbekistan,2007,Developing,67.8,0.1553301973,-0.064265756,-1.760722313,Low
Uzbekistan,2008,Developing,67.9,0.1553301973,-0.033639188,-1.308961104,Low
Uzbekistan,2009,Developing,68,0.1472712844,-0.064265756,-0.212544499,Low
Uzbekistan,2010,Developing,68.3,0.1472712844,-0.033639188,-0.138974554,Low
Uzbekistan,2011,Developing,68.5,0.1472712844,-0.00301262,-0.065304579,Low
Uzbekistan,2012,Developing,68.8,0.1553301973,-0.00301262,-1.334316861,Low
Uzbekistan,2013,Developing,69.1,0.1633891102,-0.00301262,-1.262443639,Low
Uzbekistan,2014,Developing,69.2,0.1553301973,0.0276139478,-2.447853518,Low
Uzbekistan,2015,Developing,69.4,0.1553301973,0.0276139478,0.1150557667,Low
Vanuatu,2000,Developing,69,-1.182449344,-0.738050252,-0.10157522,Low
Vanuatu,2001,Developing,69.1,0.1150356328,-0.584917412,-0.145392977,Low
Vanuatu,2002,Developing,69.3,0.0908588941,-0.554290844,-0.149090504,Low
Vanuatu,2003,Developing,69.4,0.0666821554,-0.493037708,-1.389740415,Low
Vanuatu,2004,Developing,69.6,0.0344465038,-0.401158004,0.0117447876,Low
Vanuatu,2005,Developing,69.9,0.0022108522,-0.431784572,0.0427602689,Low
Vanuatu,2006,Developing,71,-0.030024799,-0.431784572,-1.130940793,High
Vanuatu,2007,Developing,73,-0.062260451,-0.401158004,0.1804351968,High
Vanuatu,2008,Developing,75,-0.094496103,-0.401158004,0.2497287564,High
Vanuatu,2009,Developing,78,-0.126731754,-0.401158004,0.2379201464,High
Vanuatu,2010,Developing,71,-0.158967406,-0.370531436,0.3044824637,High
Vanuatu,2011,Developing,71.2,-0.191203057,-0.370531436,0.3620035063,High
Vanuatu,2012,Developing,71.4,-0.215379796,-0.370531436,0.3409062701,High
Vanuatu,2013,Developing,71.6,-0.239556535,-0.370531436,0.3425076667,High
Vanuatu,2014,Developing,71.7,-0.247615448,-0.370531436,0.3390313202,High
Vanuatu,2015,Developing,72,-1.222743908,-0.370531436,-1.048762286,High
Venezuela (Bolivarian Republic of),2000,Developing,72.5,0.0263875909,-0.431784572,0.0049108092,High
Venezuela (Bolivarian Republic of),2001,Developing,72.5,0.0344465038,-0.493037708,0.0049108092,High
Venezuela (Bolivarian Republic of),2002,Developing,73.1,0.018328678,-0.3092783,0.0049108092,High
Venezuela (Bolivarian Republic of),2003,Developing,72.4,0.0586232425,-0.125518892,0.0049108092,High
Venezuela (Bolivarian Republic of),2004,Developing,73.3,-0.030024799,-0.125518892,0.0049108092,High
Venezuela (Bolivarian Republic of),2005,Developing,73.6,-0.054201538,-0.064265756,0.0049108092,High
Venezuela (Bolivarian Republic of),2006,Developing,73.6,-0.013906974,0.1194936518,0.0049108092,High
Venezuela (Bolivarian Republic of),2007,Developing,73.4,0.0022108522,0.2726264917,0.0049108092,High
Venezuela (Bolivarian Republic of),2008,Developing,73.2,0.0263875909,0.4257593316,0.0049108092,High
Venezuela (Bolivarian Republic of),2009,Developing,73.6,0.0102697651,0.6095187396,0.0049108092,High
Venezuela (Bolivarian Republic of),2010,Developing,73.7,-0.054201538,0.6095187396,0.0049108092,High
Venezuela (Bolivarian Republic of),2011,Developing,73.8,-0.054201538,0.6401453076,0.0049108092,High
Venezuela (Bolivarian Republic of),2012,Developing,73.7,-0.030024799,0.6401453076,0.0049108092,High
Venezuela (Bolivarian Republic of),2013,Developing,73.8,-0.046142625,0.6707718756,0.0049108092,High
Venezuela (Bolivarian Republic of),2014,Developing,73.9,-0.054201538,0.6707718756,0.0049108092,High
Venezuela (Bolivarian Republic of),2015,Developing,74.1,-0.062260451,0.7013984435,0.0049108092,High
Viet Nam,2000,Developing,73.4,-0.207320883,-0.493037708,0.0049108092,High
Viet Nam,2001,Developing,73.6,-0.215379796,-0.431784572,0.0049108092,High
Viet Nam,2002,Developing,73.8,-0.223438709,-0.401158004,0.0049108092,High
Viet Nam,2003,Developing,74,-0.223438709,-0.339904868,0.0049108092,High
Viet Nam,2004,Developing,74.2,-0.231497622,-0.3092783,0.0049108092,High
Viet Nam,2005,Developing,74.4,-0.231497622,-0.278651732,0.0049108092,High
Viet Nam,2006,Developing,74.6,-0.231497622,-0.217398596,0.0049108092,High
Viet Nam,2007,Developing,74.7,-0.231497622,-0.186772028,0.0049108092,High
Viet Nam,2008,Developing,74.9,-0.239556535,-0.125518892,0.0049108092,High
Viet Nam,2009,Developing,75,-0.247615448,-0.094892324,0.0049108092,High
Viet Nam,2010,Developing,75.2,-0.255674361,-0.033639188,0.0049108092,High
Viet Nam,2011,Developing,75.4,-0.271792186,-0.00301262,0.0049108092,High
Viet Nam,2012,Developing,75.6,-1.222743908,0.0582405158,0.0049108092,High
Viet Nam,2013,Developing,75.7,-0.287910012,0.0888670838,0.0049108092,High
Viet Nam,2014,Developing,75.9,-0.295968925,0.1501202197,0.0049108092,High
Viet Nam,2015,Developing,76,-0.304027838,0.1807467877,0.0049108092,High
Yemen,2000,Developing,68,0.7033362745,-1.319955044,0.0049108092,Low
Yemen,2001,Developing,61.1,0.6952773616,-1.258701908,0.0049108092,Low
Yemen,2002,Developing,61.5,-1.126036954,-1.22807534,0.0049108092,Low
Yemen,2003,Developing,61.9,0.6791595358,-1.166822204,0.0049108092,Low
Yemen,2004,Developing,62.2,0.66304171,-1.105569068,0.0049108092,Low
Yemen,2005,Developing,62.6,0.6469238842,-1.044315932,0.0049108092,Low
Yemen,2006,Developing,63,0.6227471455,-1.013689364,0.0049108092,Low
Yemen,2007,Developing,63.4,-1.134095867,-1.044315932,0.0049108092,Low
Yemen,2008,Developing,63.8,0.5905114939,-1.0749425,0.0049108092,Low
Yemen,2009,Developing,64.1,0.5663347552,-1.105569068,0.0049108092,Low
Yemen,2010,Developing,64.4,0.5502169294,-1.0749425,0.0049108092,Low
Yemen,2011,Developing,64.6,0.5582758423,-1.044315932,0.0049108092,Low
Yemen,2012,Developing,64.7,0.5743936681,-0.92180966,0.0049108092,Low
Yemen,2013,Developing,65.4,0.4938045391,-0.92180966,0.0049108092,Low
Yemen,2014,Developing,65.4,0.5099223649,-0.92180966,0.0049108092,Low
Yemen,2015,Developing,65.7,0.4776867133,-0.92180966,0.0049108092,Low
Zambia,2000,Developing,43.8,3.620662744,-0.738050252,-0.945066907,Low
Zambia,2001,Developing,44.6,3.5964860053,-0.676797116,-0.886681647,Low
Zambia,2002,Developing,45.5,-0.771444786,-0.61554398,-0.888425015,Low
Zambia,2003,Developing,46.4,-0.811739351,-0.554290844,-0.813678608,Low
Zambia,2004,Developing,47.9,3.3305418797,-0.46241114,-2.020474645,Low
Zambia,2005,Developing,49.3,3.1371279701,-0.401158004,-0.537896644,Low
Zambia,2006,Developing,58,2.9114784089,-0.339904868,-2.829569069,Low
Zambia,2007,Developing,52.6,2.5971808058,-0.278651732,-1.577490431,Low
Zambia,2008,Developing,55.7,-0.964858696,-0.186772028,-0.142401543,Low
Zambia,2009,Developing,57.4,1.6381701708,-0.125518892,-0.249024021,Low
Zambia,2010,Developing,58,1.5978756063,-0.064265756,-0.104192448,Low
Zambia,2011,Developing,58.2,1.622052345,-0.00301262,-0.036588556,Low
Zambia,2012,Developing,59.2,1.4850508257,0.0888670838,-0.005664659,Low
Zambia,2013,Developing,63,1.3158136548,0.1501202197,-1.297937992,Low
Zambia,2014,Developing,61.1,1.2029888742,0.1501202197,-0.004350517,Low
Zambia,2015,Developing,61.8,-1.061565651,0.1501202197,-0.166456876,Low
Zimbabwe,2000,Developing,46,4.0316673019,-0.676797116,-0.672958003,Low
Zimbabwe,2001,Developing,45.3,4.2009044728,-0.676797116,-0.671661284,Low
Zimbabwe,2002,Developing,44.8,-0.739209135,-0.61554398,-1.977881671,Low
Zimbabwe,2003,Developing,44.5,4.4346129469,-0.76867682,-0.781956696,Low
Zimbabwe,2004,Developing,44.3,4.4990842501,-0.860556524,-0.780662464,Low
Zimbabwe,2005,Developing,44.6,4.4507307727,-0.829929956,-0.793015922,Low
Zimbabwe,2006,Developing,45.4,-1.271097386,-0.76867682,-0.833367655,Low
Zimbabwe,2007,Developing,46.6,-0.787562612,-0.738050252,-0.858735213,Low
Zimbabwe,2008,Developing,48.2,3.7657231762,-0.707423684,-0.973277149,Low
Zimbabwe,2009,Developing,50,3.4030720958,-0.646170548,-1.898148955,Low
Zimbabwe,2010,Developing,52.4,2.9195373218,-0.61554398,-0.519518163,Low
Zimbabwe,2011,Developing,54.9,2.4118258091,-0.584917412,-0.425266098,Low
Zimbabwe,2012,Developing,56.6,2.1297638577,-0.676797116,-0.35060533,Low
Zimbabwe,2013,Developing,58,1.8879964707,-0.493037708,-1.594708225,Low
Zimbabwe,2014,Developing,59.2,1.6623469095,-0.523664276,-1.51584425,Low
Zimbabwe,2015,Developing,67,1.380284958,-0.523664276,-1.557127041,Low